<?xml version="1.0" encoding="UTF-8"?>
<kml xmlns="http://www.opengis.net/kml/2.2">
  <Document id="root_doc">
    <Schema id="output_file" name="output_file">
      <SimpleField name="prob" type="float"/>
      <SimpleField name="timestamp" type="string"/>
    </Schema>
    <Schema id="output_file.schema">
      <SimpleField name="prob" type="float"/>
    </Schema>
    <Schema id="output_file.schema">
      <SimpleField name="prob" type="float"/>
    </Schema>
    <Document id="output_file">
      <name>output_file</name>
      <Placemark id="output_file.1">
        <TimeStamp>
          <when>2020-01-01T00:00:00</when>
        </TimeStamp>
        <ExtendedData>
          <SchemaData schemaUrl="#output_file.schema">
            <SimpleData name="prob">0.5</SimpleData>
          </SchemaData>
        </ExtendedData>
        <Point>
          <coordinates>
            13.5,20.74756,0
          </coordinates>
        </Point>
      </Placemark>
      <Placemark id="output_file.2">
        <TimeStamp>
          <when>2020-01-01T00:00:00</when>
        </TimeStamp>
        <ExtendedData>
          <SchemaData schemaUrl="#output_file.schema">
            <SimpleData name="prob">0</SimpleData>
          </SchemaData>
        </ExtendedData>
        <Point>
          <coordinates>
            14.625,20.74756,0
          </coordinates>
        </Point>
      </Placemark>
      <Placemark id="output_file.3">
        <TimeStamp>
          <when>2020-01-01T00:00:00</when>
        </TimeStamp>
        <ExtendedData>
          <SchemaData schemaUrl="#output_file.schema">
            <SimpleData name="prob">0.5</SimpleData>
          </SchemaData>
        </ExtendedData>
        <Point>
          <coordinates>
            15.75,20.74756,0
          </coordinates>
        </Point>
      </Placemark>
      <Placemark id="output_file.4">
        <TimeStamp>
          <when>2020-01-01T00:00:00</when>
        </TimeStamp>
        <ExtendedData>
          <SchemaData schemaUrl="#output_file.schema">
            <SimpleData name="prob">0</SimpleData>
          </SchemaData>
        </ExtendedData>
        <Point>
          <coordinates>
            16.875,20.74756,0
          </coordinates>
        </Point>
      </Placemark>
      <Placemark id="output_file.5">
        <TimeStamp>
          <when>2020-01-01T00:00:00</when>
        </TimeStamp>
        <ExtendedData>
          <SchemaData schemaUrl="#output_file.schema">
            <SimpleData name="prob">0</SimpleData>
          </SchemaData>
        </ExtendedData>
        <Point>
          <coordinates>
            18,20.74756,0
          </coordinates>
        </Point>
      </Placemark>
      <Placemark id="output_file.6">
        <TimeStamp>
          <when>2020-01-01T00:00:00</when>
        </TimeStamp>
        <ExtendedData>
          <SchemaData schemaUrl="#output_file.schema">
            <SimpleData name="prob">0</SimpleData>
          </SchemaData>
        </ExtendedData>
        <Point>
          <coordinates>
            19.125,20.74756,0
          </coordinates>
        </Point>
      </Placemark>
      <Placemark id="output_file.7">
        <TimeStamp>
          <when>2020-01-01T00:00:00</when>
        </TimeStamp>
        <ExtendedData>
          <SchemaData schemaUrl="#output_file.schema">
            <SimpleData name="prob">0</SimpleData>
          </SchemaData>
        </ExtendedData>
        <Point>
          <coordinates>
            20.25,20.74756,0
          </coordinates>
        </Point>
      </Placemark>
      <Placemark id="output_file.8">
        <TimeStamp>
          <when>2020-01-01T00:00:00</when>
        </TimeStamp>
        <ExtendedData>
          <SchemaData schemaUrl="#output_file.schema">
            <SimpleData name="prob">0</SimpleData>
          </SchemaData>
        </ExtendedData>
        <Point>
          <coordinates>
            21.375,20.74756,0
          </coordinates>
        </Point>
      </Placemark>
      <Placemark id="output_file.9">
        <TimeStamp>
          <when>2020-01-01T00:00:00</when>
        </TimeStamp>
        <ExtendedData>
          <SchemaData schemaUrl="#output_file.schema">
            <SimpleData name="prob">0</SimpleData>
          </SchemaData>
        </ExtendedData>
        <Point>
          <coordinates>
            22.5,20.74756,0
          </coordinates>
        </Point>
      </Placemark>
      <Placemark id="output_file.10">
        <TimeStamp>
          <when>2020-01-01T00:00:00</when>
        </TimeStamp>
        <ExtendedData>
          <SchemaData schemaUrl="#output_file.schema">
            <SimpleData name="prob">0</SimpleData>
          </SchemaData>
        </ExtendedData>
        <Point>
          <coordinates>
            23.625,20.74756,0
          </coordinates>
        </Point>
      </Placemark>
      <Placemark id="output_file.11">
        <TimeStamp>
          <when>2020-01-01T00:00:00</when>
        </TimeStamp>
        <ExtendedData>
          <SchemaData schemaUrl="#output_file.schema">
            <SimpleData name="prob">0.5</SimpleData>
          </SchemaData>
        </ExtendedData>
        <Point>
          <coordinates>
            24.75,20.74756,0
          </coordinates>
        </Point>
      </Placemark>
      <Placemark id="output_file.12">
        <TimeStamp>
          <when>2020-01-01T00:00:00</when>
        </TimeStamp>
        <ExtendedData>
          <SchemaData schemaUrl="#output_file.schema">
            <SimpleData name="prob">1</SimpleData>
          </SchemaData>
        </ExtendedData>
        <Point>
          <coordinates>
            25.875,20.74756,0
          </coordinates>
        </Point>
      </Placemark>
      <Placemark id="output_file.13">
        <TimeStamp>
          <when>2020-01-01T00:00:00</when>
        </TimeStamp>
        <ExtendedData>
          <SchemaData schemaUrl="#output_file.schema">
            <SimpleData name="prob">0</SimpleData>
          </SchemaData>
        </ExtendedData>
        <Point>
          <coordinates>
            27,20.74756,0
          </coordinates>
        </Point>
      </Placemark>
      <Placemark id="output_file.14">
        <TimeStamp>
          <when>2020-01-01T00:00:00</when>
        </TimeStamp>
        <ExtendedData>
          <SchemaData schemaUrl="#output_file.schema">
            <SimpleData name="prob">0</SimpleData>
          </SchemaData>
        </ExtendedData>
        <Point>
          <coordinates>
            28.125,20.74756,0
          </coordinates>
        </Point>
      </Placemark>
      <Placemark id="output_file.15">
        <TimeStamp>
          <when>2020-01-01T00:00:00</when>
        </TimeStamp>
        <ExtendedData>
          <SchemaData schemaUrl="#output_file.schema">
            <SimpleData name="prob">0</SimpleData>
          </SchemaData>
        </ExtendedData>
        <Point>
          <coordinates>
            29.25,20.74756,0
          </coordinates>
        </Point>
      </Placemark>
      <Placemark id="output_file.16">
        <TimeStamp>
          <when>2020-01-01T00:00:00</when>
        </TimeStamp>
        <ExtendedData>
          <SchemaData schemaUrl="#output_file.schema">
            <SimpleData name="prob">0</SimpleData>
          </SchemaData>
        </ExtendedData>
        <Point>
          <coordinates>
            30.375,20.74756,0
          </coordinates>
        </Point>
      </Placemark>
      <Placemark id="output_file.17">
        <TimeStamp>
          <when>2020-01-01T00:00:00</when>
        </TimeStamp>
        <ExtendedData>
          <SchemaData schemaUrl="#output_file.schema">
            <SimpleData name="prob">0</SimpleData>
          </SchemaData>
        </ExtendedData>
        <Point>
          <coordinates>
            31.5,20.74756,0
          </coordinates>
        </Point>
      </Placemark>
      <Placemark id="output_file.18">
        <TimeStamp>
          <when>2020-01-01T00:00:00</when>
        </TimeStamp>
        <ExtendedData>
          <SchemaData schemaUrl="#output_file.schema">
            <SimpleData name="prob">0</SimpleData>
          </SchemaData>
        </ExtendedData>
        <Point>
          <coordinates>
            32.625,20.74756,0
          </coordinates>
        </Point>
      </Placemark>
      <Placemark id="output_file.19">
        <TimeStamp>
          <when>2020-01-01T00:00:00</when>
        </TimeStamp>
        <ExtendedData>
          <SchemaData schemaUrl="#output_file.schema">
            <SimpleData name="prob">0</SimpleData>
          </SchemaData>
        </ExtendedData>
        <Point>
          <coordinates>
            33.75,20.74756,0
          </coordinates>
        </Point>
      </Placemark>
      <Placemark id="output_file.20">
        <TimeStamp>
          <when>2020-01-01T00:00:00</when>
        </TimeStamp>
        <ExtendedData>
          <SchemaData schemaUrl="#output_file.schema">
            <SimpleData name="prob">0</SimpleData>
          </SchemaData>
        </ExtendedData>
        <Point>
          <coordinates>
            34.875,20.74756,0
          </coordinates>
        </Point>
      </Placemark>
      <Placemark id="output_file.21">
        <TimeStamp>
          <when>2020-01-01T00:00:00</when>
        </TimeStamp>
        <ExtendedData>
          <SchemaData schemaUrl="#output_file.schema">
            <SimpleData name="prob">0</SimpleData>
          </SchemaData>
        </ExtendedData>
        <Point>
          <coordinates>
            36,20.74756,0
          </coordinates>
        </Point>
      </Placemark>
      <Placemark id="output_file.22">
        <TimeStamp>
          <when>2020-01-01T00:00:00</when>
        </TimeStamp>
        <ExtendedData>
          <SchemaData schemaUrl="#output_file.schema">
            <SimpleData name="prob">0</SimpleData>
          </SchemaData>
        </ExtendedData>
        <Point>
          <coordinates>
            37.125,20.74756,0
          </coordinates>
        </Point>
      </Placemark>
      <Placemark id="output_file.23">
        <TimeStamp>
          <when>2020-01-01T00:00:00</when>
        </TimeStamp>
        <ExtendedData>
          <SchemaData schemaUrl="#output_file.schema">
            <SimpleData name="prob">0</SimpleData>
          </SchemaData>
        </ExtendedData>
        <Point>
          <coordinates>
            38.25,20.74756,0
          </coordinates>
        </Point>
      </Placemark>
      <Placemark id="output_file.24">
        <TimeStamp>
          <when>2020-01-01T00:00:00</when>
        </TimeStamp>
        <ExtendedData>
          <SchemaData schemaUrl="#output_file.schema">
            <SimpleData name="prob">0</SimpleData>
          </SchemaData>
        </ExtendedData>
        <Point>
          <coordinates>
            39.375,20.74756,0
          </coordinates>
        </Point>
      </Placemark>
      <Placemark id="output_file.25">
        <TimeStamp>
          <when>2020-01-01T00:00:00</when>
        </TimeStamp>
        <ExtendedData>
          <SchemaData schemaUrl="#output_file.schema">
            <SimpleData name="prob">0.5</SimpleData>
          </SchemaData>
        </ExtendedData>
        <Point>
          <coordinates>
            13.5,21.86905,0
          </coordinates>
        </Point>
      </Placemark>
      <Placemark id="output_file.26">
        <TimeStamp>
          <when>2020-01-01T00:00:00</when>
        </TimeStamp>
        <ExtendedData>
          <SchemaData schemaUrl="#output_file.schema">
            <SimpleData name="prob">0</SimpleData>
          </SchemaData>
        </ExtendedData>
        <Point>
          <coordinates>
            14.625,21.86905,0
          </coordinates>
        </Point>
      </Placemark>
      <Placemark id="output_file.27">
        <TimeStamp>
          <when>2020-01-01T00:00:00</when>
        </TimeStamp>
        <ExtendedData>
          <SchemaData schemaUrl="#output_file.schema">
            <SimpleData name="prob">0</SimpleData>
          </SchemaData>
        </ExtendedData>
        <Point>
          <coordinates>
            15.75,21.86905,0
          </coordinates>
        </Point>
      </Placemark>
      <Placemark id="output_file.28">
        <TimeStamp>
          <when>2020-01-01T00:00:00</when>
        </TimeStamp>
        <ExtendedData>
          <SchemaData schemaUrl="#output_file.schema">
            <SimpleData name="prob">0</SimpleData>
          </SchemaData>
        </ExtendedData>
        <Point>
          <coordinates>
            16.875,21.86905,0
          </coordinates>
        </Point>
      </Placemark>
      <Placemark id="output_file.29">
        <TimeStamp>
          <when>2020-01-01T00:00:00</when>
        </TimeStamp>
        <ExtendedData>
          <SchemaData schemaUrl="#output_file.schema">
            <SimpleData name="prob">0</SimpleData>
          </SchemaData>
        </ExtendedData>
        <Point>
          <coordinates>
            18,21.86905,0
          </coordinates>
        </Point>
      </Placemark>
      <Placemark id="output_file.30">
        <TimeStamp>
          <when>2020-01-01T00:00:00</when>
        </TimeStamp>
        <ExtendedData>
          <SchemaData schemaUrl="#output_file.schema">
            <SimpleData name="prob">0</SimpleData>
          </SchemaData>
        </ExtendedData>
        <Point>
          <coordinates>
            19.125,21.86905,0
          </coordinates>
        </Point>
      </Placemark>
      <Placemark id="output_file.31">
        <TimeStamp>
          <when>2020-01-01T00:00:00</when>
        </TimeStamp>
        <ExtendedData>
          <SchemaData schemaUrl="#output_file.schema">
            <SimpleData name="prob">0</SimpleData>
          </SchemaData>
        </ExtendedData>
        <Point>
          <coordinates>
            20.25,21.86905,0
          </coordinates>
        </Point>
      </Placemark>
      <Placemark id="output_file.32">
        <TimeStamp>
          <when>2020-01-01T00:00:00</when>
        </TimeStamp>
        <ExtendedData>
          <SchemaData schemaUrl="#output_file.schema">
            <SimpleData name="prob">0</SimpleData>
          </SchemaData>
        </ExtendedData>
        <Point>
          <coordinates>
            21.375,21.86905,0
          </coordinates>
        </Point>
      </Placemark>
      <Placemark id="output_file.33">
        <TimeStamp>
          <when>2020-01-01T00:00:00</when>
        </TimeStamp>
        <ExtendedData>
          <SchemaData schemaUrl="#output_file.schema">
            <SimpleData name="prob">0</SimpleData>
          </SchemaData>
        </ExtendedData>
        <Point>
          <coordinates>
            22.5,21.86905,0
          </coordinates>
        </Point>
      </Placemark>
      <Placemark id="output_file.34">
        <TimeStamp>
          <when>2020-01-01T00:00:00</when>
        </TimeStamp>
        <ExtendedData>
          <SchemaData schemaUrl="#output_file.schema">
            <SimpleData name="prob">0</SimpleData>
          </SchemaData>
        </ExtendedData>
        <Point>
          <coordinates>
            23.625,21.86905,0
          </coordinates>
        </Point>
      </Placemark>
      <Placemark id="output_file.35">
        <TimeStamp>
          <when>2020-01-01T00:00:00</when>
        </TimeStamp>
        <ExtendedData>
          <SchemaData schemaUrl="#output_file.schema">
            <SimpleData name="prob">0</SimpleData>
          </SchemaData>
        </ExtendedData>
        <Point>
          <coordinates>
            24.75,21.86905,0
          </coordinates>
        </Point>
      </Placemark>
      <Placemark id="output_file.36">
        <TimeStamp>
          <when>2020-01-01T00:00:00</when>
        </TimeStamp>
        <ExtendedData>
          <SchemaData schemaUrl="#output_file.schema">
            <SimpleData name="prob">0</SimpleData>
          </SchemaData>
        </ExtendedData>
        <Point>
          <coordinates>
            25.875,21.86905,0
          </coordinates>
        </Point>
      </Placemark>
      <Placemark id="output_file.37">
        <TimeStamp>
          <when>2020-01-01T00:00:00</when>
        </TimeStamp>
        <ExtendedData>
          <SchemaData schemaUrl="#output_file.schema">
            <SimpleData name="prob">0</SimpleData>
          </SchemaData>
        </ExtendedData>
        <Point>
          <coordinates>
            27,21.86905,0
          </coordinates>
        </Point>
      </Placemark>
      <Placemark id="output_file.38">
        <TimeStamp>
          <when>2020-01-01T00:00:00</when>
        </TimeStamp>
        <ExtendedData>
          <SchemaData schemaUrl="#output_file.schema">
            <SimpleData name="prob">0</SimpleData>
          </SchemaData>
        </ExtendedData>
        <Point>
          <coordinates>
            28.125,21.86905,0
          </coordinates>
        </Point>
      </Placemark>
      <Placemark id="output_file.39">
        <TimeStamp>
          <when>2020-01-01T00:00:00</when>
        </TimeStamp>
        <ExtendedData>
          <SchemaData schemaUrl="#output_file.schema">
            <SimpleData name="prob">0</SimpleData>
          </SchemaData>
        </ExtendedData>
        <Point>
          <coordinates>
            29.25,21.86905,0
          </coordinates>
        </Point>
      </Placemark>
      <Placemark id="output_file.40">
        <TimeStamp>
          <when>2020-01-01T00:00:00</when>
        </TimeStamp>
        <ExtendedData>
          <SchemaData schemaUrl="#output_file.schema">
            <SimpleData name="prob">0</SimpleData>
          </SchemaData>
        </ExtendedData>
        <Point>
          <coordinates>
            30.375,21.86905,0
          </coordinates>
        </Point>
      </Placemark>
      <Placemark id="output_file.41">
        <TimeStamp>
          <when>2020-01-01T00:00:00</when>
        </TimeStamp>
        <ExtendedData>
          <SchemaData schemaUrl="#output_file.schema">
            <SimpleData name="prob">0</SimpleData>
          </SchemaData>
        </ExtendedData>
        <Point>
          <coordinates>
            31.5,21.86905,0
          </coordinates>
        </Point>
      </Placemark>
      <Placemark id="output_file.42">
        <TimeStamp>
          <when>2020-01-01T00:00:00</when>
        </TimeStamp>
        <ExtendedData>
          <SchemaData schemaUrl="#output_file.schema">
            <SimpleData name="prob">0</SimpleData>
          </SchemaData>
        </ExtendedData>
        <Point>
          <coordinates>
            32.625,21.86905,0
          </coordinates>
        </Point>
      </Placemark>
      <Placemark id="output_file.43">
        <TimeStamp>
          <when>2020-01-01T00:00:00</when>
        </TimeStamp>
        <ExtendedData>
          <SchemaData schemaUrl="#output_file.schema">
            <SimpleData name="prob">0</SimpleData>
          </SchemaData>
        </ExtendedData>
        <Point>
          <coordinates>
            33.75,21.86905,0
          </coordinates>
        </Point>
      </Placemark>
      <Placemark id="output_file.44">
        <TimeStamp>
          <when>2020-01-01T00:00:00</when>
        </TimeStamp>
        <ExtendedData>
          <SchemaData schemaUrl="#output_file.schema">
            <SimpleData name="prob">0</SimpleData>
          </SchemaData>
        </ExtendedData>
        <Point>
          <coordinates>
            34.875,21.86905,0
          </coordinates>
        </Point>
      </Placemark>
      <Placemark id="output_file.45">
        <TimeStamp>
          <when>2020-01-01T00:00:00</when>
        </TimeStamp>
        <ExtendedData>
          <SchemaData schemaUrl="#output_file.schema">
            <SimpleData name="prob">0</SimpleData>
          </SchemaData>
        </ExtendedData>
        <Point>
          <coordinates>
            36,21.86905,0
          </coordinates>
        </Point>
      </Placemark>
      <Placemark id="output_file.46">
        <TimeStamp>
          <when>2020-01-01T00:00:00</when>
        </TimeStamp>
        <ExtendedData>
          <SchemaData schemaUrl="#output_file.schema">
            <SimpleData name="prob">0</SimpleData>
          </SchemaData>
        </ExtendedData>
        <Point>
          <coordinates>
            37.125,21.86905,0
          </coordinates>
        </Point>
      </Placemark>
      <Placemark id="output_file.47">
        <TimeStamp>
          <when>2020-01-01T00:00:00</when>
        </TimeStamp>
        <ExtendedData>
          <SchemaData schemaUrl="#output_file.schema">
            <SimpleData name="prob">0</SimpleData>
          </SchemaData>
        </ExtendedData>
        <Point>
          <coordinates>
            38.25,21.86905,0
          </coordinates>
        </Point>
      </Placemark>
      <Placemark id="output_file.48">
        <TimeStamp>
          <when>2020-01-01T00:00:00</when>
        </TimeStamp>
        <ExtendedData>
          <SchemaData schemaUrl="#output_file.schema">
            <SimpleData name="prob">0</SimpleData>
          </SchemaData>
        </ExtendedData>
        <Point>
          <coordinates>
            39.375,21.86905,0
          </coordinates>
        </Point>
      </Placemark>
      <Placemark id="output_file.49">
        <TimeStamp>
          <when>2020-01-01T00:00:00</when>
        </TimeStamp>
        <ExtendedData>
          <SchemaData schemaUrl="#output_file.schema">
            <SimpleData name="prob">0</SimpleData>
          </SchemaData>
        </ExtendedData>
        <Point>
          <coordinates>
            13.5,22.99054,0
          </coordinates>
        </Point>
      </Placemark>
      <Placemark id="output_file.50">
        <TimeStamp>
          <when>2020-01-01T00:00:00</when>
        </TimeStamp>
        <ExtendedData>
          <SchemaData schemaUrl="#output_file.schema">
            <SimpleData name="prob">0</SimpleData>
          </SchemaData>
        </ExtendedData>
        <Point>
          <coordinates>
            14.625,22.99054,0
          </coordinates>
        </Point>
      </Placemark>
      <Placemark id="output_file.51">
        <TimeStamp>
          <when>2020-01-01T00:00:00</when>
        </TimeStamp>
        <ExtendedData>
          <SchemaData schemaUrl="#output_file.schema">
            <SimpleData name="prob">0</SimpleData>
          </SchemaData>
        </ExtendedData>
        <Point>
          <coordinates>
            15.75,22.99054,0
          </coordinates>
        </Point>
      </Placemark>
      <Placemark id="output_file.52">
        <TimeStamp>
          <when>2020-01-01T00:00:00</when>
        </TimeStamp>
        <ExtendedData>
          <SchemaData schemaUrl="#output_file.schema">
            <SimpleData name="prob">0</SimpleData>
          </SchemaData>
        </ExtendedData>
        <Point>
          <coordinates>
            16.875,22.99054,0
          </coordinates>
        </Point>
      </Placemark>
      <Placemark id="output_file.53">
        <TimeStamp>
          <when>2020-01-01T00:00:00</when>
        </TimeStamp>
        <ExtendedData>
          <SchemaData schemaUrl="#output_file.schema">
            <SimpleData name="prob">0</SimpleData>
          </SchemaData>
        </ExtendedData>
        <Point>
          <coordinates>
            18,22.99054,0
          </coordinates>
        </Point>
      </Placemark>
      <Placemark id="output_file.54">
        <TimeStamp>
          <when>2020-01-01T00:00:00</when>
        </TimeStamp>
        <ExtendedData>
          <SchemaData schemaUrl="#output_file.schema">
            <SimpleData name="prob">0</SimpleData>
          </SchemaData>
        </ExtendedData>
        <Point>
          <coordinates>
            19.125,22.99054,0
          </coordinates>
        </Point>
      </Placemark>
      <Placemark id="output_file.55">
        <TimeStamp>
          <when>2020-01-01T00:00:00</when>
        </TimeStamp>
        <ExtendedData>
          <SchemaData schemaUrl="#output_file.schema">
            <SimpleData name="prob">0</SimpleData>
          </SchemaData>
        </ExtendedData>
        <Point>
          <coordinates>
            20.25,22.99054,0
          </coordinates>
        </Point>
      </Placemark>
      <Placemark id="output_file.56">
        <TimeStamp>
          <when>2020-01-01T00:00:00</when>
        </TimeStamp>
        <ExtendedData>
          <SchemaData schemaUrl="#output_file.schema">
            <SimpleData name="prob">0</SimpleData>
          </SchemaData>
        </ExtendedData>
        <Point>
          <coordinates>
            21.375,22.99054,0
          </coordinates>
        </Point>
      </Placemark>
      <Placemark id="output_file.57">
        <TimeStamp>
          <when>2020-01-01T00:00:00</when>
        </TimeStamp>
        <ExtendedData>
          <SchemaData schemaUrl="#output_file.schema">
            <SimpleData name="prob">0</SimpleData>
          </SchemaData>
        </ExtendedData>
        <Point>
          <coordinates>
            22.5,22.99054,0
          </coordinates>
        </Point>
      </Placemark>
      <Placemark id="output_file.58">
        <TimeStamp>
          <when>2020-01-01T00:00:00</when>
        </TimeStamp>
        <ExtendedData>
          <SchemaData schemaUrl="#output_file.schema">
            <SimpleData name="prob">0</SimpleData>
          </SchemaData>
        </ExtendedData>
        <Point>
          <coordinates>
            23.625,22.99054,0
          </coordinates>
        </Point>
      </Placemark>
      <Placemark id="output_file.59">
        <TimeStamp>
          <when>2020-01-01T00:00:00</when>
        </TimeStamp>
        <ExtendedData>
          <SchemaData schemaUrl="#output_file.schema">
            <SimpleData name="prob">0</SimpleData>
          </SchemaData>
        </ExtendedData>
        <Point>
          <coordinates>
            24.75,22.99054,0
          </coordinates>
        </Point>
      </Placemark>
      <Placemark id="output_file.60">
        <TimeStamp>
          <when>2020-01-01T00:00:00</when>
        </TimeStamp>
        <ExtendedData>
          <SchemaData schemaUrl="#output_file.schema">
            <SimpleData name="prob">0</SimpleData>
          </SchemaData>
        </ExtendedData>
        <Point>
          <coordinates>
            25.875,22.99054,0
          </coordinates>
        </Point>
      </Placemark>
      <Placemark id="output_file.61">
        <TimeStamp>
          <when>2020-01-01T00:00:00</when>
        </TimeStamp>
        <ExtendedData>
          <SchemaData schemaUrl="#output_file.schema">
            <SimpleData name="prob">0</SimpleData>
          </SchemaData>
        </ExtendedData>
        <Point>
          <coordinates>
            27,22.99054,0
          </coordinates>
        </Point>
      </Placemark>
      <Placemark id="output_file.62">
        <TimeStamp>
          <when>2020-01-01T00:00:00</when>
        </TimeStamp>
        <ExtendedData>
          <SchemaData schemaUrl="#output_file.schema">
            <SimpleData name="prob">0</SimpleData>
          </SchemaData>
        </ExtendedData>
        <Point>
          <coordinates>
            28.125,22.99054,0
          </coordinates>
        </Point>
      </Placemark>
      <Placemark id="output_file.63">
        <TimeStamp>
          <when>2020-01-01T00:00:00</when>
        </TimeStamp>
        <ExtendedData>
          <SchemaData schemaUrl="#output_file.schema">
            <SimpleData name="prob">0</SimpleData>
          </SchemaData>
        </ExtendedData>
        <Point>
          <coordinates>
            29.25,22.99054,0
          </coordinates>
        </Point>
      </Placemark>
      <Placemark id="output_file.64">
        <TimeStamp>
          <when>2020-01-01T00:00:00</when>
        </TimeStamp>
        <ExtendedData>
          <SchemaData schemaUrl="#output_file.schema">
            <SimpleData name="prob">0</SimpleData>
          </SchemaData>
        </ExtendedData>
        <Point>
          <coordinates>
            30.375,22.99054,0
          </coordinates>
        </Point>
      </Placemark>
      <Placemark id="output_file.65">
        <TimeStamp>
          <when>2020-01-01T00:00:00</when>
        </TimeStamp>
        <ExtendedData>
          <SchemaData schemaUrl="#output_file.schema">
            <SimpleData name="prob">0</SimpleData>
          </SchemaData>
        </ExtendedData>
        <Point>
          <coordinates>
            31.5,22.99054,0
          </coordinates>
        </Point>
      </Placemark>
      <Placemark id="output_file.66">
        <TimeStamp>
          <when>2020-01-01T00:00:00</when>
        </TimeStamp>
        <ExtendedData>
          <SchemaData schemaUrl="#output_file.schema">
            <SimpleData name="prob">0</SimpleData>
          </SchemaData>
        </ExtendedData>
        <Point>
          <coordinates>
            32.625,22.99054,0
          </coordinates>
        </Point>
      </Placemark>
      <Placemark id="output_file.67">
        <TimeStamp>
          <when>2020-01-01T00:00:00</when>
        </TimeStamp>
        <ExtendedData>
          <SchemaData schemaUrl="#output_file.schema">
            <SimpleData name="prob">0</SimpleData>
          </SchemaData>
        </ExtendedData>
        <Point>
          <coordinates>
            33.75,22.99054,0
          </coordinates>
        </Point>
      </Placemark>
      <Placemark id="output_file.68">
        <TimeStamp>
          <when>2020-01-01T00:00:00</when>
        </TimeStamp>
        <ExtendedData>
          <SchemaData schemaUrl="#output_file.schema">
            <SimpleData name="prob">0</SimpleData>
          </SchemaData>
        </ExtendedData>
        <Point>
          <coordinates>
            34.875,22.99054,0
          </coordinates>
        </Point>
      </Placemark>
      <Placemark id="output_file.69">
        <TimeStamp>
          <when>2020-01-01T00:00:00</when>
        </TimeStamp>
        <ExtendedData>
          <SchemaData schemaUrl="#output_file.schema">
            <SimpleData name="prob">0</SimpleData>
          </SchemaData>
        </ExtendedData>
        <Point>
          <coordinates>
            36,22.99054,0
          </coordinates>
        </Point>
      </Placemark>
      <Placemark id="output_file.70">
        <TimeStamp>
          <when>2020-01-01T00:00:00</when>
        </TimeStamp>
        <ExtendedData>
          <SchemaData schemaUrl="#output_file.schema">
            <SimpleData name="prob">0</SimpleData>
          </SchemaData>
        </ExtendedData>
        <Point>
          <coordinates>
            37.125,22.99054,0
          </coordinates>
        </Point>
      </Placemark>
      <Placemark id="output_file.71">
        <TimeStamp>
          <when>2020-01-01T00:00:00</when>
        </TimeStamp>
        <ExtendedData>
          <SchemaData schemaUrl="#output_file.schema">
            <SimpleData name="prob">0</SimpleData>
          </SchemaData>
        </ExtendedData>
        <Point>
          <coordinates>
            38.25,22.99054,0
          </coordinates>
        </Point>
      </Placemark>
      <Placemark id="output_file.72">
        <TimeStamp>
          <when>2020-01-01T00:00:00</when>
        </TimeStamp>
        <ExtendedData>
          <SchemaData schemaUrl="#output_file.schema">
            <SimpleData name="prob">0</SimpleData>
          </SchemaData>
        </ExtendedData>
        <Point>
          <coordinates>
            39.375,22.99054,0
          </coordinates>
        </Point>
      </Placemark>
      <Placemark id="output_file.73">
        <TimeStamp>
          <when>2020-01-01T00:00:00</when>
        </TimeStamp>
        <ExtendedData>
          <SchemaData schemaUrl="#output_file.schema">
            <SimpleData name="prob">0</SimpleData>
          </SchemaData>
        </ExtendedData>
        <Point>
          <coordinates>
            13.5,24.11203,0
          </coordinates>
        </Point>
      </Placemark>
      <Placemark id="output_file.74">
        <TimeStamp>
          <when>2020-01-01T00:00:00</when>
        </TimeStamp>
        <ExtendedData>
          <SchemaData schemaUrl="#output_file.schema">
            <SimpleData name="prob">0</SimpleData>
          </SchemaData>
        </ExtendedData>
        <Point>
          <coordinates>
            14.625,24.11203,0
          </coordinates>
        </Point>
      </Placemark>
      <Placemark id="output_file.75">
        <TimeStamp>
          <when>2020-01-01T00:00:00</when>
        </TimeStamp>
        <ExtendedData>
          <SchemaData schemaUrl="#output_file.schema">
            <SimpleData name="prob">0</SimpleData>
          </SchemaData>
        </ExtendedData>
        <Point>
          <coordinates>
            15.75,24.11203,0
          </coordinates>
        </Point>
      </Placemark>
      <Placemark id="output_file.76">
        <TimeStamp>
          <when>2020-01-01T00:00:00</when>
        </TimeStamp>
        <ExtendedData>
          <SchemaData schemaUrl="#output_file.schema">
            <SimpleData name="prob">0</SimpleData>
          </SchemaData>
        </ExtendedData>
        <Point>
          <coordinates>
            16.875,24.11203,0
          </coordinates>
        </Point>
      </Placemark>
      <Placemark id="output_file.77">
        <TimeStamp>
          <when>2020-01-01T00:00:00</when>
        </TimeStamp>
        <ExtendedData>
          <SchemaData schemaUrl="#output_file.schema">
            <SimpleData name="prob">0</SimpleData>
          </SchemaData>
        </ExtendedData>
        <Point>
          <coordinates>
            18,24.11203,0
          </coordinates>
        </Point>
      </Placemark>
      <Placemark id="output_file.78">
        <TimeStamp>
          <when>2020-01-01T00:00:00</when>
        </TimeStamp>
        <ExtendedData>
          <SchemaData schemaUrl="#output_file.schema">
            <SimpleData name="prob">0</SimpleData>
          </SchemaData>
        </ExtendedData>
        <Point>
          <coordinates>
            19.125,24.11203,0
          </coordinates>
        </Point>
      </Placemark>
      <Placemark id="output_file.79">
        <TimeStamp>
          <when>2020-01-01T00:00:00</when>
        </TimeStamp>
        <ExtendedData>
          <SchemaData schemaUrl="#output_file.schema">
            <SimpleData name="prob">0</SimpleData>
          </SchemaData>
        </ExtendedData>
        <Point>
          <coordinates>
            20.25,24.11203,0
          </coordinates>
        </Point>
      </Placemark>
      <Placemark id="output_file.80">
        <TimeStamp>
          <when>2020-01-01T00:00:00</when>
        </TimeStamp>
        <ExtendedData>
          <SchemaData schemaUrl="#output_file.schema">
            <SimpleData name="prob">0</SimpleData>
          </SchemaData>
        </ExtendedData>
        <Point>
          <coordinates>
            21.375,24.11203,0
          </coordinates>
        </Point>
      </Placemark>
      <Placemark id="output_file.81">
        <TimeStamp>
          <when>2020-01-01T00:00:00</when>
        </TimeStamp>
        <ExtendedData>
          <SchemaData schemaUrl="#output_file.schema">
            <SimpleData name="prob">0</SimpleData>
          </SchemaData>
        </ExtendedData>
        <Point>
          <coordinates>
            22.5,24.11203,0
          </coordinates>
        </Point>
      </Placemark>
      <Placemark id="output_file.82">
        <TimeStamp>
          <when>2020-01-01T00:00:00</when>
        </TimeStamp>
        <ExtendedData>
          <SchemaData schemaUrl="#output_file.schema">
            <SimpleData name="prob">0</SimpleData>
          </SchemaData>
        </ExtendedData>
        <Point>
          <coordinates>
            23.625,24.11203,0
          </coordinates>
        </Point>
      </Placemark>
      <Placemark id="output_file.83">
        <TimeStamp>
          <when>2020-01-01T00:00:00</when>
        </TimeStamp>
        <ExtendedData>
          <SchemaData schemaUrl="#output_file.schema">
            <SimpleData name="prob">0</SimpleData>
          </SchemaData>
        </ExtendedData>
        <Point>
          <coordinates>
            24.75,24.11203,0
          </coordinates>
        </Point>
      </Placemark>
      <Placemark id="output_file.84">
        <TimeStamp>
          <when>2020-01-01T00:00:00</when>
        </TimeStamp>
        <ExtendedData>
          <SchemaData schemaUrl="#output_file.schema">
            <SimpleData name="prob">0</SimpleData>
          </SchemaData>
        </ExtendedData>
        <Point>
          <coordinates>
            25.875,24.11203,0
          </coordinates>
        </Point>
      </Placemark>
      <Placemark id="output_file.85">
        <TimeStamp>
          <when>2020-01-01T00:00:00</when>
        </TimeStamp>
        <ExtendedData>
          <SchemaData schemaUrl="#output_file.schema">
            <SimpleData name="prob">0</SimpleData>
          </SchemaData>
        </ExtendedData>
        <Point>
          <coordinates>
            27,24.11203,0
          </coordinates>
        </Point>
      </Placemark>
      <Placemark id="output_file.86">
        <TimeStamp>
          <when>2020-01-01T00:00:00</when>
        </TimeStamp>
        <ExtendedData>
          <SchemaData schemaUrl="#output_file.schema">
            <SimpleData name="prob">0</SimpleData>
          </SchemaData>
        </ExtendedData>
        <Point>
          <coordinates>
            28.125,24.11203,0
          </coordinates>
        </Point>
      </Placemark>
      <Placemark id="output_file.87">
        <TimeStamp>
          <when>2020-01-01T00:00:00</when>
        </TimeStamp>
        <ExtendedData>
          <SchemaData schemaUrl="#output_file.schema">
            <SimpleData name="prob">0</SimpleData>
          </SchemaData>
        </ExtendedData>
        <Point>
          <coordinates>
            29.25,24.11203,0
          </coordinates>
        </Point>
      </Placemark>
      <Placemark id="output_file.88">
        <TimeStamp>
          <when>2020-01-01T00:00:00</when>
        </TimeStamp>
        <ExtendedData>
          <SchemaData schemaUrl="#output_file.schema">
            <SimpleData name="prob">0</SimpleData>
          </SchemaData>
        </ExtendedData>
        <Point>
          <coordinates>
            30.375,24.11203,0
          </coordinates>
        </Point>
      </Placemark>
      <Placemark id="output_file.89">
        <TimeStamp>
          <when>2020-01-01T00:00:00</when>
        </TimeStamp>
        <ExtendedData>
          <SchemaData schemaUrl="#output_file.schema">
            <SimpleData name="prob">0</SimpleData>
          </SchemaData>
        </ExtendedData>
        <Point>
          <coordinates>
            31.5,24.11203,0
          </coordinates>
        </Point>
      </Placemark>
      <Placemark id="output_file.90">
        <TimeStamp>
          <when>2020-01-01T00:00:00</when>
        </TimeStamp>
        <ExtendedData>
          <SchemaData schemaUrl="#output_file.schema">
            <SimpleData name="prob">0</SimpleData>
          </SchemaData>
        </ExtendedData>
        <Point>
          <coordinates>
            32.625,24.11203,0
          </coordinates>
        </Point>
      </Placemark>
      <Placemark id="output_file.91">
        <TimeStamp>
          <when>2020-01-01T00:00:00</when>
        </TimeStamp>
        <ExtendedData>
          <SchemaData schemaUrl="#output_file.schema">
            <SimpleData name="prob">0</SimpleData>
          </SchemaData>
        </ExtendedData>
        <Point>
          <coordinates>
            33.75,24.11203,0
          </coordinates>
        </Point>
      </Placemark>
      <Placemark id="output_file.92">
        <TimeStamp>
          <when>2020-01-01T00:00:00</when>
        </TimeStamp>
        <ExtendedData>
          <SchemaData schemaUrl="#output_file.schema">
            <SimpleData name="prob">0.5</SimpleData>
          </SchemaData>
        </ExtendedData>
        <Point>
          <coordinates>
            34.875,24.11203,0
          </coordinates>
        </Point>
      </Placemark>
      <Placemark id="output_file.93">
        <TimeStamp>
          <when>2020-01-01T00:00:00</when>
        </TimeStamp>
        <ExtendedData>
          <SchemaData schemaUrl="#output_file.schema">
            <SimpleData name="prob">0</SimpleData>
          </SchemaData>
        </ExtendedData>
        <Point>
          <coordinates>
            36,24.11203,0
          </coordinates>
        </Point>
      </Placemark>
      <Placemark id="output_file.94">
        <TimeStamp>
          <when>2020-01-01T00:00:00</when>
        </TimeStamp>
        <ExtendedData>
          <SchemaData schemaUrl="#output_file.schema">
            <SimpleData name="prob">0</SimpleData>
          </SchemaData>
        </ExtendedData>
        <Point>
          <coordinates>
            37.125,24.11203,0
          </coordinates>
        </Point>
      </Placemark>
      <Placemark id="output_file.95">
        <TimeStamp>
          <when>2020-01-01T00:00:00</when>
        </TimeStamp>
        <ExtendedData>
          <SchemaData schemaUrl="#output_file.schema">
            <SimpleData name="prob">0</SimpleData>
          </SchemaData>
        </ExtendedData>
        <Point>
          <coordinates>
            38.25,24.11203,0
          </coordinates>
        </Point>
      </Placemark>
      <Placemark id="output_file.96">
        <TimeStamp>
          <when>2020-01-01T00:00:00</when>
        </TimeStamp>
        <ExtendedData>
          <SchemaData schemaUrl="#output_file.schema">
            <SimpleData name="prob">0</SimpleData>
          </SchemaData>
        </ExtendedData>
        <Point>
          <coordinates>
            39.375,24.11203,0
          </coordinates>
        </Point>
      </Placemark>
      <Placemark id="output_file.97">
        <TimeStamp>
          <when>2020-01-01T00:00:00</when>
        </TimeStamp>
        <ExtendedData>
          <SchemaData schemaUrl="#output_file.schema">
            <SimpleData name="prob">0</SimpleData>
          </SchemaData>
        </ExtendedData>
        <Point>
          <coordinates>
            13.5,25.23351,0
          </coordinates>
        </Point>
      </Placemark>
      <Placemark id="output_file.98">
        <TimeStamp>
          <when>2020-01-01T00:00:00</when>
        </TimeStamp>
        <ExtendedData>
          <SchemaData schemaUrl="#output_file.schema">
            <SimpleData name="prob">0</SimpleData>
          </SchemaData>
        </ExtendedData>
        <Point>
          <coordinates>
            14.625,25.23351,0
          </coordinates>
        </Point>
      </Placemark>
      <Placemark id="output_file.99">
        <TimeStamp>
          <when>2020-01-01T00:00:00</when>
        </TimeStamp>
        <ExtendedData>
          <SchemaData schemaUrl="#output_file.schema">
            <SimpleData name="prob">0</SimpleData>
          </SchemaData>
        </ExtendedData>
        <Point>
          <coordinates>
            15.75,25.23351,0
          </coordinates>
        </Point>
      </Placemark>
      <Placemark id="output_file.100">
        <TimeStamp>
          <when>2020-01-01T00:00:00</when>
        </TimeStamp>
        <ExtendedData>
          <SchemaData schemaUrl="#output_file.schema">
            <SimpleData name="prob">0</SimpleData>
          </SchemaData>
        </ExtendedData>
        <Point>
          <coordinates>
            16.875,25.23351,0
          </coordinates>
        </Point>
      </Placemark>
      <Placemark id="output_file.101">
        <TimeStamp>
          <when>2020-01-01T00:00:00</when>
        </TimeStamp>
        <ExtendedData>
          <SchemaData schemaUrl="#output_file.schema">
            <SimpleData name="prob">0</SimpleData>
          </SchemaData>
        </ExtendedData>
        <Point>
          <coordinates>
            18,25.23351,0
          </coordinates>
        </Point>
      </Placemark>
      <Placemark id="output_file.102">
        <TimeStamp>
          <when>2020-01-01T00:00:00</when>
        </TimeStamp>
        <ExtendedData>
          <SchemaData schemaUrl="#output_file.schema">
            <SimpleData name="prob">0</SimpleData>
          </SchemaData>
        </ExtendedData>
        <Point>
          <coordinates>
            19.125,25.23351,0
          </coordinates>
        </Point>
      </Placemark>
      <Placemark id="output_file.103">
        <TimeStamp>
          <when>2020-01-01T00:00:00</when>
        </TimeStamp>
        <ExtendedData>
          <SchemaData schemaUrl="#output_file.schema">
            <SimpleData name="prob">0</SimpleData>
          </SchemaData>
        </ExtendedData>
        <Point>
          <coordinates>
            20.25,25.23351,0
          </coordinates>
        </Point>
      </Placemark>
      <Placemark id="output_file.104">
        <TimeStamp>
          <when>2020-01-01T00:00:00</when>
        </TimeStamp>
        <ExtendedData>
          <SchemaData schemaUrl="#output_file.schema">
            <SimpleData name="prob">0</SimpleData>
          </SchemaData>
        </ExtendedData>
        <Point>
          <coordinates>
            21.375,25.23351,0
          </coordinates>
        </Point>
      </Placemark>
      <Placemark id="output_file.105">
        <TimeStamp>
          <when>2020-01-01T00:00:00</when>
        </TimeStamp>
        <ExtendedData>
          <SchemaData schemaUrl="#output_file.schema">
            <SimpleData name="prob">0</SimpleData>
          </SchemaData>
        </ExtendedData>
        <Point>
          <coordinates>
            22.5,25.23351,0
          </coordinates>
        </Point>
      </Placemark>
      <Placemark id="output_file.106">
        <TimeStamp>
          <when>2020-01-01T00:00:00</when>
        </TimeStamp>
        <ExtendedData>
          <SchemaData schemaUrl="#output_file.schema">
            <SimpleData name="prob">0</SimpleData>
          </SchemaData>
        </ExtendedData>
        <Point>
          <coordinates>
            23.625,25.23351,0
          </coordinates>
        </Point>
      </Placemark>
      <Placemark id="output_file.107">
        <TimeStamp>
          <when>2020-01-01T00:00:00</when>
        </TimeStamp>
        <ExtendedData>
          <SchemaData schemaUrl="#output_file.schema">
            <SimpleData name="prob">0</SimpleData>
          </SchemaData>
        </ExtendedData>
        <Point>
          <coordinates>
            24.75,25.23351,0
          </coordinates>
        </Point>
      </Placemark>
      <Placemark id="output_file.108">
        <TimeStamp>
          <when>2020-01-01T00:00:00</when>
        </TimeStamp>
        <ExtendedData>
          <SchemaData schemaUrl="#output_file.schema">
            <SimpleData name="prob">0</SimpleData>
          </SchemaData>
        </ExtendedData>
        <Point>
          <coordinates>
            25.875,25.23351,0
          </coordinates>
        </Point>
      </Placemark>
      <Placemark id="output_file.109">
        <TimeStamp>
          <when>2020-01-01T00:00:00</when>
        </TimeStamp>
        <ExtendedData>
          <SchemaData schemaUrl="#output_file.schema">
            <SimpleData name="prob">0</SimpleData>
          </SchemaData>
        </ExtendedData>
        <Point>
          <coordinates>
            27,25.23351,0
          </coordinates>
        </Point>
      </Placemark>
      <Placemark id="output_file.110">
        <TimeStamp>
          <when>2020-01-01T00:00:00</when>
        </TimeStamp>
        <ExtendedData>
          <SchemaData schemaUrl="#output_file.schema">
            <SimpleData name="prob">0</SimpleData>
          </SchemaData>
        </ExtendedData>
        <Point>
          <coordinates>
            28.125,25.23351,0
          </coordinates>
        </Point>
      </Placemark>
      <Placemark id="output_file.111">
        <TimeStamp>
          <when>2020-01-01T00:00:00</when>
        </TimeStamp>
        <ExtendedData>
          <SchemaData schemaUrl="#output_file.schema">
            <SimpleData name="prob">0</SimpleData>
          </SchemaData>
        </ExtendedData>
        <Point>
          <coordinates>
            29.25,25.23351,0
          </coordinates>
        </Point>
      </Placemark>
      <Placemark id="output_file.112">
        <TimeStamp>
          <when>2020-01-01T00:00:00</when>
        </TimeStamp>
        <ExtendedData>
          <SchemaData schemaUrl="#output_file.schema">
            <SimpleData name="prob">0</SimpleData>
          </SchemaData>
        </ExtendedData>
        <Point>
          <coordinates>
            30.375,25.23351,0
          </coordinates>
        </Point>
      </Placemark>
      <Placemark id="output_file.113">
        <TimeStamp>
          <when>2020-01-01T00:00:00</when>
        </TimeStamp>
        <ExtendedData>
          <SchemaData schemaUrl="#output_file.schema">
            <SimpleData name="prob">0</SimpleData>
          </SchemaData>
        </ExtendedData>
        <Point>
          <coordinates>
            31.5,25.23351,0
          </coordinates>
        </Point>
      </Placemark>
      <Placemark id="output_file.114">
        <TimeStamp>
          <when>2020-01-01T00:00:00</when>
        </TimeStamp>
        <ExtendedData>
          <SchemaData schemaUrl="#output_file.schema">
            <SimpleData name="prob">0</SimpleData>
          </SchemaData>
        </ExtendedData>
        <Point>
          <coordinates>
            32.625,25.23351,0
          </coordinates>
        </Point>
      </Placemark>
      <Placemark id="output_file.115">
        <TimeStamp>
          <when>2020-01-01T00:00:00</when>
        </TimeStamp>
        <ExtendedData>
          <SchemaData schemaUrl="#output_file.schema">
            <SimpleData name="prob">0</SimpleData>
          </SchemaData>
        </ExtendedData>
        <Point>
          <coordinates>
            33.75,25.23351,0
          </coordinates>
        </Point>
      </Placemark>
      <Placemark id="output_file.116">
        <TimeStamp>
          <when>2020-01-01T00:00:00</when>
        </TimeStamp>
        <ExtendedData>
          <SchemaData schemaUrl="#output_file.schema">
            <SimpleData name="prob">0</SimpleData>
          </SchemaData>
        </ExtendedData>
        <Point>
          <coordinates>
            34.875,25.23351,0
          </coordinates>
        </Point>
      </Placemark>
      <Placemark id="output_file.117">
        <TimeStamp>
          <when>2020-01-01T00:00:00</when>
        </TimeStamp>
        <ExtendedData>
          <SchemaData schemaUrl="#output_file.schema">
            <SimpleData name="prob">0</SimpleData>
          </SchemaData>
        </ExtendedData>
        <Point>
          <coordinates>
            36,25.23351,0
          </coordinates>
        </Point>
      </Placemark>
      <Placemark id="output_file.118">
        <TimeStamp>
          <when>2020-01-01T00:00:00</when>
        </TimeStamp>
        <ExtendedData>
          <SchemaData schemaUrl="#output_file.schema">
            <SimpleData name="prob">0</SimpleData>
          </SchemaData>
        </ExtendedData>
        <Point>
          <coordinates>
            37.125,25.23351,0
          </coordinates>
        </Point>
      </Placemark>
      <Placemark id="output_file.119">
        <TimeStamp>
          <when>2020-01-01T00:00:00</when>
        </TimeStamp>
        <ExtendedData>
          <SchemaData schemaUrl="#output_file.schema">
            <SimpleData name="prob">0</SimpleData>
          </SchemaData>
        </ExtendedData>
        <Point>
          <coordinates>
            38.25,25.23351,0
          </coordinates>
        </Point>
      </Placemark>
      <Placemark id="output_file.120">
        <TimeStamp>
          <when>2020-01-01T00:00:00</when>
        </TimeStamp>
        <ExtendedData>
          <SchemaData schemaUrl="#output_file.schema">
            <SimpleData name="prob">0</SimpleData>
          </SchemaData>
        </ExtendedData>
        <Point>
          <coordinates>
            39.375,25.23351,0
          </coordinates>
        </Point>
      </Placemark>
      <Placemark id="output_file.121">
        <TimeStamp>
          <when>2020-01-01T00:00:00</when>
        </TimeStamp>
        <ExtendedData>
          <SchemaData schemaUrl="#output_file.schema">
            <SimpleData name="prob">0</SimpleData>
          </SchemaData>
        </ExtendedData>
        <Point>
          <coordinates>
            13.5,26.355,0
          </coordinates>
        </Point>
      </Placemark>
      <Placemark id="output_file.122">
        <TimeStamp>
          <when>2020-01-01T00:00:00</when>
        </TimeStamp>
        <ExtendedData>
          <SchemaData schemaUrl="#output_file.schema">
            <SimpleData name="prob">0</SimpleData>
          </SchemaData>
        </ExtendedData>
        <Point>
          <coordinates>
            14.625,26.355,0
          </coordinates>
        </Point>
      </Placemark>
      <Placemark id="output_file.123">
        <TimeStamp>
          <when>2020-01-01T00:00:00</when>
        </TimeStamp>
        <ExtendedData>
          <SchemaData schemaUrl="#output_file.schema">
            <SimpleData name="prob">0</SimpleData>
          </SchemaData>
        </ExtendedData>
        <Point>
          <coordinates>
            15.75,26.355,0
          </coordinates>
        </Point>
      </Placemark>
      <Placemark id="output_file.124">
        <TimeStamp>
          <when>2020-01-01T00:00:00</when>
        </TimeStamp>
        <ExtendedData>
          <SchemaData schemaUrl="#output_file.schema">
            <SimpleData name="prob">0</SimpleData>
          </SchemaData>
        </ExtendedData>
        <Point>
          <coordinates>
            16.875,26.355,0
          </coordinates>
        </Point>
      </Placemark>
      <Placemark id="output_file.125">
        <TimeStamp>
          <when>2020-01-01T00:00:00</when>
        </TimeStamp>
        <ExtendedData>
          <SchemaData schemaUrl="#output_file.schema">
            <SimpleData name="prob">0</SimpleData>
          </SchemaData>
        </ExtendedData>
        <Point>
          <coordinates>
            18,26.355,0
          </coordinates>
        </Point>
      </Placemark>
      <Placemark id="output_file.126">
        <TimeStamp>
          <when>2020-01-01T00:00:00</when>
        </TimeStamp>
        <ExtendedData>
          <SchemaData schemaUrl="#output_file.schema">
            <SimpleData name="prob">0</SimpleData>
          </SchemaData>
        </ExtendedData>
        <Point>
          <coordinates>
            19.125,26.355,0
          </coordinates>
        </Point>
      </Placemark>
      <Placemark id="output_file.127">
        <TimeStamp>
          <when>2020-01-01T00:00:00</when>
        </TimeStamp>
        <ExtendedData>
          <SchemaData schemaUrl="#output_file.schema">
            <SimpleData name="prob">0</SimpleData>
          </SchemaData>
        </ExtendedData>
        <Point>
          <coordinates>
            20.25,26.355,0
          </coordinates>
        </Point>
      </Placemark>
      <Placemark id="output_file.128">
        <TimeStamp>
          <when>2020-01-01T00:00:00</when>
        </TimeStamp>
        <ExtendedData>
          <SchemaData schemaUrl="#output_file.schema">
            <SimpleData name="prob">0</SimpleData>
          </SchemaData>
        </ExtendedData>
        <Point>
          <coordinates>
            21.375,26.355,0
          </coordinates>
        </Point>
      </Placemark>
      <Placemark id="output_file.129">
        <TimeStamp>
          <when>2020-01-01T00:00:00</when>
        </TimeStamp>
        <ExtendedData>
          <SchemaData schemaUrl="#output_file.schema">
            <SimpleData name="prob">0</SimpleData>
          </SchemaData>
        </ExtendedData>
        <Point>
          <coordinates>
            22.5,26.355,0
          </coordinates>
        </Point>
      </Placemark>
      <Placemark id="output_file.130">
        <TimeStamp>
          <when>2020-01-01T00:00:00</when>
        </TimeStamp>
        <ExtendedData>
          <SchemaData schemaUrl="#output_file.schema">
            <SimpleData name="prob">0</SimpleData>
          </SchemaData>
        </ExtendedData>
        <Point>
          <coordinates>
            23.625,26.355,0
          </coordinates>
        </Point>
      </Placemark>
      <Placemark id="output_file.131">
        <TimeStamp>
          <when>2020-01-01T00:00:00</when>
        </TimeStamp>
        <ExtendedData>
          <SchemaData schemaUrl="#output_file.schema">
            <SimpleData name="prob">0</SimpleData>
          </SchemaData>
        </ExtendedData>
        <Point>
          <coordinates>
            24.75,26.355,0
          </coordinates>
        </Point>
      </Placemark>
      <Placemark id="output_file.132">
        <TimeStamp>
          <when>2020-01-01T00:00:00</when>
        </TimeStamp>
        <ExtendedData>
          <SchemaData schemaUrl="#output_file.schema">
            <SimpleData name="prob">0</SimpleData>
          </SchemaData>
        </ExtendedData>
        <Point>
          <coordinates>
            25.875,26.355,0
          </coordinates>
        </Point>
      </Placemark>
      <Placemark id="output_file.133">
        <TimeStamp>
          <when>2020-01-01T00:00:00</when>
        </TimeStamp>
        <ExtendedData>
          <SchemaData schemaUrl="#output_file.schema">
            <SimpleData name="prob">0</SimpleData>
          </SchemaData>
        </ExtendedData>
        <Point>
          <coordinates>
            27,26.355,0
          </coordinates>
        </Point>
      </Placemark>
      <Placemark id="output_file.134">
        <TimeStamp>
          <when>2020-01-01T00:00:00</when>
        </TimeStamp>
        <ExtendedData>
          <SchemaData schemaUrl="#output_file.schema">
            <SimpleData name="prob">0</SimpleData>
          </SchemaData>
        </ExtendedData>
        <Point>
          <coordinates>
            28.125,26.355,0
          </coordinates>
        </Point>
      </Placemark>
      <Placemark id="output_file.135">
        <TimeStamp>
          <when>2020-01-01T00:00:00</when>
        </TimeStamp>
        <ExtendedData>
          <SchemaData schemaUrl="#output_file.schema">
            <SimpleData name="prob">0</SimpleData>
          </SchemaData>
        </ExtendedData>
        <Point>
          <coordinates>
            29.25,26.355,0
          </coordinates>
        </Point>
      </Placemark>
      <Placemark id="output_file.136">
        <TimeStamp>
          <when>2020-01-01T00:00:00</when>
        </TimeStamp>
        <ExtendedData>
          <SchemaData schemaUrl="#output_file.schema">
            <SimpleData name="prob">0</SimpleData>
          </SchemaData>
        </ExtendedData>
        <Point>
          <coordinates>
            30.375,26.355,0
          </coordinates>
        </Point>
      </Placemark>
      <Placemark id="output_file.137">
        <TimeStamp>
          <when>2020-01-01T00:00:00</when>
        </TimeStamp>
        <ExtendedData>
          <SchemaData schemaUrl="#output_file.schema">
            <SimpleData name="prob">0</SimpleData>
          </SchemaData>
        </ExtendedData>
        <Point>
          <coordinates>
            31.5,26.355,0
          </coordinates>
        </Point>
      </Placemark>
      <Placemark id="output_file.138">
        <TimeStamp>
          <when>2020-01-01T00:00:00</when>
        </TimeStamp>
        <ExtendedData>
          <SchemaData schemaUrl="#output_file.schema">
            <SimpleData name="prob">0</SimpleData>
          </SchemaData>
        </ExtendedData>
        <Point>
          <coordinates>
            32.625,26.355,0
          </coordinates>
        </Point>
      </Placemark>
      <Placemark id="output_file.139">
        <TimeStamp>
          <when>2020-01-01T00:00:00</when>
        </TimeStamp>
        <ExtendedData>
          <SchemaData schemaUrl="#output_file.schema">
            <SimpleData name="prob">0</SimpleData>
          </SchemaData>
        </ExtendedData>
        <Point>
          <coordinates>
            33.75,26.355,0
          </coordinates>
        </Point>
      </Placemark>
      <Placemark id="output_file.140">
        <TimeStamp>
          <when>2020-01-01T00:00:00</when>
        </TimeStamp>
        <ExtendedData>
          <SchemaData schemaUrl="#output_file.schema">
            <SimpleData name="prob">0</SimpleData>
          </SchemaData>
        </ExtendedData>
        <Point>
          <coordinates>
            34.875,26.355,0
          </coordinates>
        </Point>
      </Placemark>
      <Placemark id="output_file.141">
        <TimeStamp>
          <when>2020-01-01T00:00:00</when>
        </TimeStamp>
        <ExtendedData>
          <SchemaData schemaUrl="#output_file.schema">
            <SimpleData name="prob">0</SimpleData>
          </SchemaData>
        </ExtendedData>
        <Point>
          <coordinates>
            36,26.355,0
          </coordinates>
        </Point>
      </Placemark>
      <Placemark id="output_file.142">
        <TimeStamp>
          <when>2020-01-01T00:00:00</when>
        </TimeStamp>
        <ExtendedData>
          <SchemaData schemaUrl="#output_file.schema">
            <SimpleData name="prob">0</SimpleData>
          </SchemaData>
        </ExtendedData>
        <Point>
          <coordinates>
            37.125,26.355,0
          </coordinates>
        </Point>
      </Placemark>
      <Placemark id="output_file.143">
        <TimeStamp>
          <when>2020-01-01T00:00:00</when>
        </TimeStamp>
        <ExtendedData>
          <SchemaData schemaUrl="#output_file.schema">
            <SimpleData name="prob">0</SimpleData>
          </SchemaData>
        </ExtendedData>
        <Point>
          <coordinates>
            38.25,26.355,0
          </coordinates>
        </Point>
      </Placemark>
      <Placemark id="output_file.144">
        <TimeStamp>
          <when>2020-01-01T00:00:00</when>
        </TimeStamp>
        <ExtendedData>
          <SchemaData schemaUrl="#output_file.schema">
            <SimpleData name="prob">0</SimpleData>
          </SchemaData>
        </ExtendedData>
        <Point>
          <coordinates>
            39.375,26.355,0
          </coordinates>
        </Point>
      </Placemark>
      <Placemark id="output_file.145">
        <TimeStamp>
          <when>2020-01-01T00:00:00</when>
        </TimeStamp>
        <ExtendedData>
          <SchemaData schemaUrl="#output_file.schema">
            <SimpleData name="prob">0</SimpleData>
          </SchemaData>
        </ExtendedData>
        <Point>
          <coordinates>
            13.5,27.47649,0
          </coordinates>
        </Point>
      </Placemark>
      <Placemark id="output_file.146">
        <TimeStamp>
          <when>2020-01-01T00:00:00</when>
        </TimeStamp>
        <ExtendedData>
          <SchemaData schemaUrl="#output_file.schema">
            <SimpleData name="prob">0</SimpleData>
          </SchemaData>
        </ExtendedData>
        <Point>
          <coordinates>
            14.625,27.47649,0
          </coordinates>
        </Point>
      </Placemark>
      <Placemark id="output_file.147">
        <TimeStamp>
          <when>2020-01-01T00:00:00</when>
        </TimeStamp>
        <ExtendedData>
          <SchemaData schemaUrl="#output_file.schema">
            <SimpleData name="prob">0</SimpleData>
          </SchemaData>
        </ExtendedData>
        <Point>
          <coordinates>
            15.75,27.47649,0
          </coordinates>
        </Point>
      </Placemark>
      <Placemark id="output_file.148">
        <TimeStamp>
          <when>2020-01-01T00:00:00</when>
        </TimeStamp>
        <ExtendedData>
          <SchemaData schemaUrl="#output_file.schema">
            <SimpleData name="prob">0</SimpleData>
          </SchemaData>
        </ExtendedData>
        <Point>
          <coordinates>
            16.875,27.47649,0
          </coordinates>
        </Point>
      </Placemark>
      <Placemark id="output_file.149">
        <TimeStamp>
          <when>2020-01-01T00:00:00</when>
        </TimeStamp>
        <ExtendedData>
          <SchemaData schemaUrl="#output_file.schema">
            <SimpleData name="prob">0</SimpleData>
          </SchemaData>
        </ExtendedData>
        <Point>
          <coordinates>
            18,27.47649,0
          </coordinates>
        </Point>
      </Placemark>
      <Placemark id="output_file.150">
        <TimeStamp>
          <when>2020-01-01T00:00:00</when>
        </TimeStamp>
        <ExtendedData>
          <SchemaData schemaUrl="#output_file.schema">
            <SimpleData name="prob">0</SimpleData>
          </SchemaData>
        </ExtendedData>
        <Point>
          <coordinates>
            19.125,27.47649,0
          </coordinates>
        </Point>
      </Placemark>
      <Placemark id="output_file.151">
        <TimeStamp>
          <when>2020-01-01T00:00:00</when>
        </TimeStamp>
        <ExtendedData>
          <SchemaData schemaUrl="#output_file.schema">
            <SimpleData name="prob">0</SimpleData>
          </SchemaData>
        </ExtendedData>
        <Point>
          <coordinates>
            20.25,27.47649,0
          </coordinates>
        </Point>
      </Placemark>
      <Placemark id="output_file.152">
        <TimeStamp>
          <when>2020-01-01T00:00:00</when>
        </TimeStamp>
        <ExtendedData>
          <SchemaData schemaUrl="#output_file.schema">
            <SimpleData name="prob">0</SimpleData>
          </SchemaData>
        </ExtendedData>
        <Point>
          <coordinates>
            21.375,27.47649,0
          </coordinates>
        </Point>
      </Placemark>
      <Placemark id="output_file.153">
        <TimeStamp>
          <when>2020-01-01T00:00:00</when>
        </TimeStamp>
        <ExtendedData>
          <SchemaData schemaUrl="#output_file.schema">
            <SimpleData name="prob">0</SimpleData>
          </SchemaData>
        </ExtendedData>
        <Point>
          <coordinates>
            22.5,27.47649,0
          </coordinates>
        </Point>
      </Placemark>
      <Placemark id="output_file.154">
        <TimeStamp>
          <when>2020-01-01T00:00:00</when>
        </TimeStamp>
        <ExtendedData>
          <SchemaData schemaUrl="#output_file.schema">
            <SimpleData name="prob">0</SimpleData>
          </SchemaData>
        </ExtendedData>
        <Point>
          <coordinates>
            23.625,27.47649,0
          </coordinates>
        </Point>
      </Placemark>
      <Placemark id="output_file.155">
        <TimeStamp>
          <when>2020-01-01T00:00:00</when>
        </TimeStamp>
        <ExtendedData>
          <SchemaData schemaUrl="#output_file.schema">
            <SimpleData name="prob">0</SimpleData>
          </SchemaData>
        </ExtendedData>
        <Point>
          <coordinates>
            24.75,27.47649,0
          </coordinates>
        </Point>
      </Placemark>
      <Placemark id="output_file.156">
        <TimeStamp>
          <when>2020-01-01T00:00:00</when>
        </TimeStamp>
        <ExtendedData>
          <SchemaData schemaUrl="#output_file.schema">
            <SimpleData name="prob">0</SimpleData>
          </SchemaData>
        </ExtendedData>
        <Point>
          <coordinates>
            25.875,27.47649,0
          </coordinates>
        </Point>
      </Placemark>
      <Placemark id="output_file.157">
        <TimeStamp>
          <when>2020-01-01T00:00:00</when>
        </TimeStamp>
        <ExtendedData>
          <SchemaData schemaUrl="#output_file.schema">
            <SimpleData name="prob">0</SimpleData>
          </SchemaData>
        </ExtendedData>
        <Point>
          <coordinates>
            27,27.47649,0
          </coordinates>
        </Point>
      </Placemark>
      <Placemark id="output_file.158">
        <TimeStamp>
          <when>2020-01-01T00:00:00</when>
        </TimeStamp>
        <ExtendedData>
          <SchemaData schemaUrl="#output_file.schema">
            <SimpleData name="prob">0</SimpleData>
          </SchemaData>
        </ExtendedData>
        <Point>
          <coordinates>
            28.125,27.47649,0
          </coordinates>
        </Point>
      </Placemark>
      <Placemark id="output_file.159">
        <TimeStamp>
          <when>2020-01-01T00:00:00</when>
        </TimeStamp>
        <ExtendedData>
          <SchemaData schemaUrl="#output_file.schema">
            <SimpleData name="prob">0</SimpleData>
          </SchemaData>
        </ExtendedData>
        <Point>
          <coordinates>
            29.25,27.47649,0
          </coordinates>
        </Point>
      </Placemark>
      <Placemark id="output_file.160">
        <TimeStamp>
          <when>2020-01-01T00:00:00</when>
        </TimeStamp>
        <ExtendedData>
          <SchemaData schemaUrl="#output_file.schema">
            <SimpleData name="prob">0</SimpleData>
          </SchemaData>
        </ExtendedData>
        <Point>
          <coordinates>
            30.375,27.47649,0
          </coordinates>
        </Point>
      </Placemark>
      <Placemark id="output_file.161">
        <TimeStamp>
          <when>2020-01-01T00:00:00</when>
        </TimeStamp>
        <ExtendedData>
          <SchemaData schemaUrl="#output_file.schema">
            <SimpleData name="prob">0</SimpleData>
          </SchemaData>
        </ExtendedData>
        <Point>
          <coordinates>
            31.5,27.47649,0
          </coordinates>
        </Point>
      </Placemark>
      <Placemark id="output_file.162">
        <TimeStamp>
          <when>2020-01-01T00:00:00</when>
        </TimeStamp>
        <ExtendedData>
          <SchemaData schemaUrl="#output_file.schema">
            <SimpleData name="prob">0</SimpleData>
          </SchemaData>
        </ExtendedData>
        <Point>
          <coordinates>
            32.625,27.47649,0
          </coordinates>
        </Point>
      </Placemark>
      <Placemark id="output_file.163">
        <TimeStamp>
          <when>2020-01-01T00:00:00</when>
        </TimeStamp>
        <ExtendedData>
          <SchemaData schemaUrl="#output_file.schema">
            <SimpleData name="prob">0</SimpleData>
          </SchemaData>
        </ExtendedData>
        <Point>
          <coordinates>
            33.75,27.47649,0
          </coordinates>
        </Point>
      </Placemark>
      <Placemark id="output_file.164">
        <TimeStamp>
          <when>2020-01-01T00:00:00</when>
        </TimeStamp>
        <ExtendedData>
          <SchemaData schemaUrl="#output_file.schema">
            <SimpleData name="prob">0</SimpleData>
          </SchemaData>
        </ExtendedData>
        <Point>
          <coordinates>
            34.875,27.47649,0
          </coordinates>
        </Point>
      </Placemark>
      <Placemark id="output_file.165">
        <TimeStamp>
          <when>2020-01-01T00:00:00</when>
        </TimeStamp>
        <ExtendedData>
          <SchemaData schemaUrl="#output_file.schema">
            <SimpleData name="prob">0</SimpleData>
          </SchemaData>
        </ExtendedData>
        <Point>
          <coordinates>
            36,27.47649,0
          </coordinates>
        </Point>
      </Placemark>
      <Placemark id="output_file.166">
        <TimeStamp>
          <when>2020-01-01T00:00:00</when>
        </TimeStamp>
        <ExtendedData>
          <SchemaData schemaUrl="#output_file.schema">
            <SimpleData name="prob">0</SimpleData>
          </SchemaData>
        </ExtendedData>
        <Point>
          <coordinates>
            37.125,27.47649,0
          </coordinates>
        </Point>
      </Placemark>
      <Placemark id="output_file.167">
        <TimeStamp>
          <when>2020-01-01T00:00:00</when>
        </TimeStamp>
        <ExtendedData>
          <SchemaData schemaUrl="#output_file.schema">
            <SimpleData name="prob">0</SimpleData>
          </SchemaData>
        </ExtendedData>
        <Point>
          <coordinates>
            38.25,27.47649,0
          </coordinates>
        </Point>
      </Placemark>
      <Placemark id="output_file.168">
        <TimeStamp>
          <when>2020-01-01T00:00:00</when>
        </TimeStamp>
        <ExtendedData>
          <SchemaData schemaUrl="#output_file.schema">
            <SimpleData name="prob">0</SimpleData>
          </SchemaData>
        </ExtendedData>
        <Point>
          <coordinates>
            39.375,27.47649,0
          </coordinates>
        </Point>
      </Placemark>
      <Placemark id="output_file.169">
        <TimeStamp>
          <when>2020-01-01T00:00:00</when>
        </TimeStamp>
        <ExtendedData>
          <SchemaData schemaUrl="#output_file.schema">
            <SimpleData name="prob">0</SimpleData>
          </SchemaData>
        </ExtendedData>
        <Point>
          <coordinates>
            13.5,28.59798,0
          </coordinates>
        </Point>
      </Placemark>
      <Placemark id="output_file.170">
        <TimeStamp>
          <when>2020-01-01T00:00:00</when>
        </TimeStamp>
        <ExtendedData>
          <SchemaData schemaUrl="#output_file.schema">
            <SimpleData name="prob">0</SimpleData>
          </SchemaData>
        </ExtendedData>
        <Point>
          <coordinates>
            14.625,28.59798,0
          </coordinates>
        </Point>
      </Placemark>
      <Placemark id="output_file.171">
        <TimeStamp>
          <when>2020-01-01T00:00:00</when>
        </TimeStamp>
        <ExtendedData>
          <SchemaData schemaUrl="#output_file.schema">
            <SimpleData name="prob">0</SimpleData>
          </SchemaData>
        </ExtendedData>
        <Point>
          <coordinates>
            15.75,28.59798,0
          </coordinates>
        </Point>
      </Placemark>
      <Placemark id="output_file.172">
        <TimeStamp>
          <when>2020-01-01T00:00:00</when>
        </TimeStamp>
        <ExtendedData>
          <SchemaData schemaUrl="#output_file.schema">
            <SimpleData name="prob">0</SimpleData>
          </SchemaData>
        </ExtendedData>
        <Point>
          <coordinates>
            16.875,28.59798,0
          </coordinates>
        </Point>
      </Placemark>
      <Placemark id="output_file.173">
        <TimeStamp>
          <when>2020-01-01T00:00:00</when>
        </TimeStamp>
        <ExtendedData>
          <SchemaData schemaUrl="#output_file.schema">
            <SimpleData name="prob">0</SimpleData>
          </SchemaData>
        </ExtendedData>
        <Point>
          <coordinates>
            18,28.59798,0
          </coordinates>
        </Point>
      </Placemark>
      <Placemark id="output_file.174">
        <TimeStamp>
          <when>2020-01-01T00:00:00</when>
        </TimeStamp>
        <ExtendedData>
          <SchemaData schemaUrl="#output_file.schema">
            <SimpleData name="prob">0</SimpleData>
          </SchemaData>
        </ExtendedData>
        <Point>
          <coordinates>
            19.125,28.59798,0
          </coordinates>
        </Point>
      </Placemark>
      <Placemark id="output_file.175">
        <TimeStamp>
          <when>2020-01-01T00:00:00</when>
        </TimeStamp>
        <ExtendedData>
          <SchemaData schemaUrl="#output_file.schema">
            <SimpleData name="prob">0</SimpleData>
          </SchemaData>
        </ExtendedData>
        <Point>
          <coordinates>
            20.25,28.59798,0
          </coordinates>
        </Point>
      </Placemark>
      <Placemark id="output_file.176">
        <TimeStamp>
          <when>2020-01-01T00:00:00</when>
        </TimeStamp>
        <ExtendedData>
          <SchemaData schemaUrl="#output_file.schema">
            <SimpleData name="prob">0</SimpleData>
          </SchemaData>
        </ExtendedData>
        <Point>
          <coordinates>
            21.375,28.59798,0
          </coordinates>
        </Point>
      </Placemark>
      <Placemark id="output_file.177">
        <TimeStamp>
          <when>2020-01-01T00:00:00</when>
        </TimeStamp>
        <ExtendedData>
          <SchemaData schemaUrl="#output_file.schema">
            <SimpleData name="prob">0</SimpleData>
          </SchemaData>
        </ExtendedData>
        <Point>
          <coordinates>
            22.5,28.59798,0
          </coordinates>
        </Point>
      </Placemark>
      <Placemark id="output_file.178">
        <TimeStamp>
          <when>2020-01-01T00:00:00</when>
        </TimeStamp>
        <ExtendedData>
          <SchemaData schemaUrl="#output_file.schema">
            <SimpleData name="prob">0</SimpleData>
          </SchemaData>
        </ExtendedData>
        <Point>
          <coordinates>
            23.625,28.59798,0
          </coordinates>
        </Point>
      </Placemark>
      <Placemark id="output_file.179">
        <TimeStamp>
          <when>2020-01-01T00:00:00</when>
        </TimeStamp>
        <ExtendedData>
          <SchemaData schemaUrl="#output_file.schema">
            <SimpleData name="prob">0</SimpleData>
          </SchemaData>
        </ExtendedData>
        <Point>
          <coordinates>
            24.75,28.59798,0
          </coordinates>
        </Point>
      </Placemark>
      <Placemark id="output_file.180">
        <TimeStamp>
          <when>2020-01-01T00:00:00</when>
        </TimeStamp>
        <ExtendedData>
          <SchemaData schemaUrl="#output_file.schema">
            <SimpleData name="prob">0</SimpleData>
          </SchemaData>
        </ExtendedData>
        <Point>
          <coordinates>
            25.875,28.59798,0
          </coordinates>
        </Point>
      </Placemark>
      <Placemark id="output_file.181">
        <TimeStamp>
          <when>2020-01-01T00:00:00</when>
        </TimeStamp>
        <ExtendedData>
          <SchemaData schemaUrl="#output_file.schema">
            <SimpleData name="prob">0</SimpleData>
          </SchemaData>
        </ExtendedData>
        <Point>
          <coordinates>
            27,28.59798,0
          </coordinates>
        </Point>
      </Placemark>
      <Placemark id="output_file.182">
        <TimeStamp>
          <when>2020-01-01T00:00:00</when>
        </TimeStamp>
        <ExtendedData>
          <SchemaData schemaUrl="#output_file.schema">
            <SimpleData name="prob">0</SimpleData>
          </SchemaData>
        </ExtendedData>
        <Point>
          <coordinates>
            28.125,28.59798,0
          </coordinates>
        </Point>
      </Placemark>
      <Placemark id="output_file.183">
        <TimeStamp>
          <when>2020-01-01T00:00:00</when>
        </TimeStamp>
        <ExtendedData>
          <SchemaData schemaUrl="#output_file.schema">
            <SimpleData name="prob">0</SimpleData>
          </SchemaData>
        </ExtendedData>
        <Point>
          <coordinates>
            29.25,28.59798,0
          </coordinates>
        </Point>
      </Placemark>
      <Placemark id="output_file.184">
        <TimeStamp>
          <when>2020-01-01T00:00:00</when>
        </TimeStamp>
        <ExtendedData>
          <SchemaData schemaUrl="#output_file.schema">
            <SimpleData name="prob">0</SimpleData>
          </SchemaData>
        </ExtendedData>
        <Point>
          <coordinates>
            30.375,28.59798,0
          </coordinates>
        </Point>
      </Placemark>
      <Placemark id="output_file.185">
        <TimeStamp>
          <when>2020-01-01T00:00:00</when>
        </TimeStamp>
        <ExtendedData>
          <SchemaData schemaUrl="#output_file.schema">
            <SimpleData name="prob">0</SimpleData>
          </SchemaData>
        </ExtendedData>
        <Point>
          <coordinates>
            31.5,28.59798,0
          </coordinates>
        </Point>
      </Placemark>
      <Placemark id="output_file.186">
        <TimeStamp>
          <when>2020-01-01T00:00:00</when>
        </TimeStamp>
        <ExtendedData>
          <SchemaData schemaUrl="#output_file.schema">
            <SimpleData name="prob">0</SimpleData>
          </SchemaData>
        </ExtendedData>
        <Point>
          <coordinates>
            32.625,28.59798,0
          </coordinates>
        </Point>
      </Placemark>
      <Placemark id="output_file.187">
        <TimeStamp>
          <when>2020-01-01T00:00:00</when>
        </TimeStamp>
        <ExtendedData>
          <SchemaData schemaUrl="#output_file.schema">
            <SimpleData name="prob">0</SimpleData>
          </SchemaData>
        </ExtendedData>
        <Point>
          <coordinates>
            33.75,28.59798,0
          </coordinates>
        </Point>
      </Placemark>
      <Placemark id="output_file.188">
        <TimeStamp>
          <when>2020-01-01T00:00:00</when>
        </TimeStamp>
        <ExtendedData>
          <SchemaData schemaUrl="#output_file.schema">
            <SimpleData name="prob">0</SimpleData>
          </SchemaData>
        </ExtendedData>
        <Point>
          <coordinates>
            34.875,28.59798,0
          </coordinates>
        </Point>
      </Placemark>
      <Placemark id="output_file.189">
        <TimeStamp>
          <when>2020-01-01T00:00:00</when>
        </TimeStamp>
        <ExtendedData>
          <SchemaData schemaUrl="#output_file.schema">
            <SimpleData name="prob">0</SimpleData>
          </SchemaData>
        </ExtendedData>
        <Point>
          <coordinates>
            36,28.59798,0
          </coordinates>
        </Point>
      </Placemark>
      <Placemark id="output_file.190">
        <TimeStamp>
          <when>2020-01-01T00:00:00</when>
        </TimeStamp>
        <ExtendedData>
          <SchemaData schemaUrl="#output_file.schema">
            <SimpleData name="prob">0</SimpleData>
          </SchemaData>
        </ExtendedData>
        <Point>
          <coordinates>
            37.125,28.59798,0
          </coordinates>
        </Point>
      </Placemark>
      <Placemark id="output_file.191">
        <TimeStamp>
          <when>2020-01-01T00:00:00</when>
        </TimeStamp>
        <ExtendedData>
          <SchemaData schemaUrl="#output_file.schema">
            <SimpleData name="prob">0</SimpleData>
          </SchemaData>
        </ExtendedData>
        <Point>
          <coordinates>
            38.25,28.59798,0
          </coordinates>
        </Point>
      </Placemark>
      <Placemark id="output_file.192">
        <TimeStamp>
          <when>2020-01-01T00:00:00</when>
        </TimeStamp>
        <ExtendedData>
          <SchemaData schemaUrl="#output_file.schema">
            <SimpleData name="prob">0</SimpleData>
          </SchemaData>
        </ExtendedData>
        <Point>
          <coordinates>
            39.375,28.59798,0
          </coordinates>
        </Point>
      </Placemark>
      <Placemark id="output_file.193">
        <TimeStamp>
          <when>2020-01-01T00:00:00</when>
        </TimeStamp>
        <ExtendedData>
          <SchemaData schemaUrl="#output_file.schema">
            <SimpleData name="prob">0</SimpleData>
          </SchemaData>
        </ExtendedData>
        <Point>
          <coordinates>
            13.5,29.71947,0
          </coordinates>
        </Point>
      </Placemark>
      <Placemark id="output_file.194">
        <TimeStamp>
          <when>2020-01-01T00:00:00</when>
        </TimeStamp>
        <ExtendedData>
          <SchemaData schemaUrl="#output_file.schema">
            <SimpleData name="prob">0</SimpleData>
          </SchemaData>
        </ExtendedData>
        <Point>
          <coordinates>
            14.625,29.71947,0
          </coordinates>
        </Point>
      </Placemark>
      <Placemark id="output_file.195">
        <TimeStamp>
          <when>2020-01-01T00:00:00</when>
        </TimeStamp>
        <ExtendedData>
          <SchemaData schemaUrl="#output_file.schema">
            <SimpleData name="prob">0</SimpleData>
          </SchemaData>
        </ExtendedData>
        <Point>
          <coordinates>
            15.75,29.71947,0
          </coordinates>
        </Point>
      </Placemark>
      <Placemark id="output_file.196">
        <TimeStamp>
          <when>2020-01-01T00:00:00</when>
        </TimeStamp>
        <ExtendedData>
          <SchemaData schemaUrl="#output_file.schema">
            <SimpleData name="prob">0</SimpleData>
          </SchemaData>
        </ExtendedData>
        <Point>
          <coordinates>
            16.875,29.71947,0
          </coordinates>
        </Point>
      </Placemark>
      <Placemark id="output_file.197">
        <TimeStamp>
          <when>2020-01-01T00:00:00</when>
        </TimeStamp>
        <ExtendedData>
          <SchemaData schemaUrl="#output_file.schema">
            <SimpleData name="prob">0</SimpleData>
          </SchemaData>
        </ExtendedData>
        <Point>
          <coordinates>
            18,29.71947,0
          </coordinates>
        </Point>
      </Placemark>
      <Placemark id="output_file.198">
        <TimeStamp>
          <when>2020-01-01T00:00:00</when>
        </TimeStamp>
        <ExtendedData>
          <SchemaData schemaUrl="#output_file.schema">
            <SimpleData name="prob">0</SimpleData>
          </SchemaData>
        </ExtendedData>
        <Point>
          <coordinates>
            19.125,29.71947,0
          </coordinates>
        </Point>
      </Placemark>
      <Placemark id="output_file.199">
        <TimeStamp>
          <when>2020-01-01T00:00:00</when>
        </TimeStamp>
        <ExtendedData>
          <SchemaData schemaUrl="#output_file.schema">
            <SimpleData name="prob">0</SimpleData>
          </SchemaData>
        </ExtendedData>
        <Point>
          <coordinates>
            20.25,29.71947,0
          </coordinates>
        </Point>
      </Placemark>
      <Placemark id="output_file.200">
        <TimeStamp>
          <when>2020-01-01T00:00:00</when>
        </TimeStamp>
        <ExtendedData>
          <SchemaData schemaUrl="#output_file.schema">
            <SimpleData name="prob">0</SimpleData>
          </SchemaData>
        </ExtendedData>
        <Point>
          <coordinates>
            21.375,29.71947,0
          </coordinates>
        </Point>
      </Placemark>
      <Placemark id="output_file.201">
        <TimeStamp>
          <when>2020-01-01T00:00:00</when>
        </TimeStamp>
        <ExtendedData>
          <SchemaData schemaUrl="#output_file.schema">
            <SimpleData name="prob">0</SimpleData>
          </SchemaData>
        </ExtendedData>
        <Point>
          <coordinates>
            22.5,29.71947,0
          </coordinates>
        </Point>
      </Placemark>
      <Placemark id="output_file.202">
        <TimeStamp>
          <when>2020-01-01T00:00:00</when>
        </TimeStamp>
        <ExtendedData>
          <SchemaData schemaUrl="#output_file.schema">
            <SimpleData name="prob">0</SimpleData>
          </SchemaData>
        </ExtendedData>
        <Point>
          <coordinates>
            23.625,29.71947,0
          </coordinates>
        </Point>
      </Placemark>
      <Placemark id="output_file.203">
        <TimeStamp>
          <when>2020-01-01T00:00:00</when>
        </TimeStamp>
        <ExtendedData>
          <SchemaData schemaUrl="#output_file.schema">
            <SimpleData name="prob">0</SimpleData>
          </SchemaData>
        </ExtendedData>
        <Point>
          <coordinates>
            24.75,29.71947,0
          </coordinates>
        </Point>
      </Placemark>
      <Placemark id="output_file.204">
        <TimeStamp>
          <when>2020-01-01T00:00:00</when>
        </TimeStamp>
        <ExtendedData>
          <SchemaData schemaUrl="#output_file.schema">
            <SimpleData name="prob">0</SimpleData>
          </SchemaData>
        </ExtendedData>
        <Point>
          <coordinates>
            25.875,29.71947,0
          </coordinates>
        </Point>
      </Placemark>
      <Placemark id="output_file.205">
        <TimeStamp>
          <when>2020-01-01T00:00:00</when>
        </TimeStamp>
        <ExtendedData>
          <SchemaData schemaUrl="#output_file.schema">
            <SimpleData name="prob">0</SimpleData>
          </SchemaData>
        </ExtendedData>
        <Point>
          <coordinates>
            27,29.71947,0
          </coordinates>
        </Point>
      </Placemark>
      <Placemark id="output_file.206">
        <TimeStamp>
          <when>2020-01-01T00:00:00</when>
        </TimeStamp>
        <ExtendedData>
          <SchemaData schemaUrl="#output_file.schema">
            <SimpleData name="prob">0</SimpleData>
          </SchemaData>
        </ExtendedData>
        <Point>
          <coordinates>
            28.125,29.71947,0
          </coordinates>
        </Point>
      </Placemark>
      <Placemark id="output_file.207">
        <TimeStamp>
          <when>2020-01-01T00:00:00</when>
        </TimeStamp>
        <ExtendedData>
          <SchemaData schemaUrl="#output_file.schema">
            <SimpleData name="prob">0</SimpleData>
          </SchemaData>
        </ExtendedData>
        <Point>
          <coordinates>
            29.25,29.71947,0
          </coordinates>
        </Point>
      </Placemark>
      <Placemark id="output_file.208">
        <TimeStamp>
          <when>2020-01-01T00:00:00</when>
        </TimeStamp>
        <ExtendedData>
          <SchemaData schemaUrl="#output_file.schema">
            <SimpleData name="prob">0</SimpleData>
          </SchemaData>
        </ExtendedData>
        <Point>
          <coordinates>
            30.375,29.71947,0
          </coordinates>
        </Point>
      </Placemark>
      <Placemark id="output_file.209">
        <TimeStamp>
          <when>2020-01-01T00:00:00</when>
        </TimeStamp>
        <ExtendedData>
          <SchemaData schemaUrl="#output_file.schema">
            <SimpleData name="prob">0</SimpleData>
          </SchemaData>
        </ExtendedData>
        <Point>
          <coordinates>
            31.5,29.71947,0
          </coordinates>
        </Point>
      </Placemark>
      <Placemark id="output_file.210">
        <TimeStamp>
          <when>2020-01-01T00:00:00</when>
        </TimeStamp>
        <ExtendedData>
          <SchemaData schemaUrl="#output_file.schema">
            <SimpleData name="prob">0</SimpleData>
          </SchemaData>
        </ExtendedData>
        <Point>
          <coordinates>
            32.625,29.71947,0
          </coordinates>
        </Point>
      </Placemark>
      <Placemark id="output_file.211">
        <TimeStamp>
          <when>2020-01-01T00:00:00</when>
        </TimeStamp>
        <ExtendedData>
          <SchemaData schemaUrl="#output_file.schema">
            <SimpleData name="prob">0</SimpleData>
          </SchemaData>
        </ExtendedData>
        <Point>
          <coordinates>
            33.75,29.71947,0
          </coordinates>
        </Point>
      </Placemark>
      <Placemark id="output_file.212">
        <TimeStamp>
          <when>2020-01-01T00:00:00</when>
        </TimeStamp>
        <ExtendedData>
          <SchemaData schemaUrl="#output_file.schema">
            <SimpleData name="prob">0</SimpleData>
          </SchemaData>
        </ExtendedData>
        <Point>
          <coordinates>
            34.875,29.71947,0
          </coordinates>
        </Point>
      </Placemark>
      <Placemark id="output_file.213">
        <TimeStamp>
          <when>2020-01-01T00:00:00</when>
        </TimeStamp>
        <ExtendedData>
          <SchemaData schemaUrl="#output_file.schema">
            <SimpleData name="prob">0</SimpleData>
          </SchemaData>
        </ExtendedData>
        <Point>
          <coordinates>
            36,29.71947,0
          </coordinates>
        </Point>
      </Placemark>
      <Placemark id="output_file.214">
        <TimeStamp>
          <when>2020-01-01T00:00:00</when>
        </TimeStamp>
        <ExtendedData>
          <SchemaData schemaUrl="#output_file.schema">
            <SimpleData name="prob">0</SimpleData>
          </SchemaData>
        </ExtendedData>
        <Point>
          <coordinates>
            37.125,29.71947,0
          </coordinates>
        </Point>
      </Placemark>
      <Placemark id="output_file.215">
        <TimeStamp>
          <when>2020-01-01T00:00:00</when>
        </TimeStamp>
        <ExtendedData>
          <SchemaData schemaUrl="#output_file.schema">
            <SimpleData name="prob">0</SimpleData>
          </SchemaData>
        </ExtendedData>
        <Point>
          <coordinates>
            38.25,29.71947,0
          </coordinates>
        </Point>
      </Placemark>
      <Placemark id="output_file.216">
        <TimeStamp>
          <when>2020-01-01T00:00:00</when>
        </TimeStamp>
        <ExtendedData>
          <SchemaData schemaUrl="#output_file.schema">
            <SimpleData name="prob">0</SimpleData>
          </SchemaData>
        </ExtendedData>
        <Point>
          <coordinates>
            39.375,29.71947,0
          </coordinates>
        </Point>
      </Placemark>
      <Placemark id="output_file.217">
        <TimeStamp>
          <when>2020-01-01T00:00:00</when>
        </TimeStamp>
        <ExtendedData>
          <SchemaData schemaUrl="#output_file.schema">
            <SimpleData name="prob">0</SimpleData>
          </SchemaData>
        </ExtendedData>
        <Point>
          <coordinates>
            13.5,30.84096,0
          </coordinates>
        </Point>
      </Placemark>
      <Placemark id="output_file.218">
        <TimeStamp>
          <when>2020-01-01T00:00:00</when>
        </TimeStamp>
        <ExtendedData>
          <SchemaData schemaUrl="#output_file.schema">
            <SimpleData name="prob">0</SimpleData>
          </SchemaData>
        </ExtendedData>
        <Point>
          <coordinates>
            14.625,30.84096,0
          </coordinates>
        </Point>
      </Placemark>
      <Placemark id="output_file.219">
        <TimeStamp>
          <when>2020-01-01T00:00:00</when>
        </TimeStamp>
        <ExtendedData>
          <SchemaData schemaUrl="#output_file.schema">
            <SimpleData name="prob">0</SimpleData>
          </SchemaData>
        </ExtendedData>
        <Point>
          <coordinates>
            15.75,30.84096,0
          </coordinates>
        </Point>
      </Placemark>
      <Placemark id="output_file.220">
        <TimeStamp>
          <when>2020-01-01T00:00:00</when>
        </TimeStamp>
        <ExtendedData>
          <SchemaData schemaUrl="#output_file.schema">
            <SimpleData name="prob">0</SimpleData>
          </SchemaData>
        </ExtendedData>
        <Point>
          <coordinates>
            16.875,30.84096,0
          </coordinates>
        </Point>
      </Placemark>
      <Placemark id="output_file.221">
        <TimeStamp>
          <when>2020-01-01T00:00:00</when>
        </TimeStamp>
        <ExtendedData>
          <SchemaData schemaUrl="#output_file.schema">
            <SimpleData name="prob">0</SimpleData>
          </SchemaData>
        </ExtendedData>
        <Point>
          <coordinates>
            18,30.84096,0
          </coordinates>
        </Point>
      </Placemark>
      <Placemark id="output_file.222">
        <TimeStamp>
          <when>2020-01-01T00:00:00</when>
        </TimeStamp>
        <ExtendedData>
          <SchemaData schemaUrl="#output_file.schema">
            <SimpleData name="prob">0</SimpleData>
          </SchemaData>
        </ExtendedData>
        <Point>
          <coordinates>
            19.125,30.84096,0
          </coordinates>
        </Point>
      </Placemark>
      <Placemark id="output_file.223">
        <TimeStamp>
          <when>2020-01-01T00:00:00</when>
        </TimeStamp>
        <ExtendedData>
          <SchemaData schemaUrl="#output_file.schema">
            <SimpleData name="prob">0</SimpleData>
          </SchemaData>
        </ExtendedData>
        <Point>
          <coordinates>
            20.25,30.84096,0
          </coordinates>
        </Point>
      </Placemark>
      <Placemark id="output_file.224">
        <TimeStamp>
          <when>2020-01-01T00:00:00</when>
        </TimeStamp>
        <ExtendedData>
          <SchemaData schemaUrl="#output_file.schema">
            <SimpleData name="prob">0</SimpleData>
          </SchemaData>
        </ExtendedData>
        <Point>
          <coordinates>
            21.375,30.84096,0
          </coordinates>
        </Point>
      </Placemark>
      <Placemark id="output_file.225">
        <TimeStamp>
          <when>2020-01-01T00:00:00</when>
        </TimeStamp>
        <ExtendedData>
          <SchemaData schemaUrl="#output_file.schema">
            <SimpleData name="prob">0</SimpleData>
          </SchemaData>
        </ExtendedData>
        <Point>
          <coordinates>
            22.5,30.84096,0
          </coordinates>
        </Point>
      </Placemark>
      <Placemark id="output_file.226">
        <TimeStamp>
          <when>2020-01-01T00:00:00</when>
        </TimeStamp>
        <ExtendedData>
          <SchemaData schemaUrl="#output_file.schema">
            <SimpleData name="prob">0</SimpleData>
          </SchemaData>
        </ExtendedData>
        <Point>
          <coordinates>
            23.625,30.84096,0
          </coordinates>
        </Point>
      </Placemark>
      <Placemark id="output_file.227">
        <TimeStamp>
          <when>2020-01-01T00:00:00</when>
        </TimeStamp>
        <ExtendedData>
          <SchemaData schemaUrl="#output_file.schema">
            <SimpleData name="prob">0</SimpleData>
          </SchemaData>
        </ExtendedData>
        <Point>
          <coordinates>
            24.75,30.84096,0
          </coordinates>
        </Point>
      </Placemark>
      <Placemark id="output_file.228">
        <TimeStamp>
          <when>2020-01-01T00:00:00</when>
        </TimeStamp>
        <ExtendedData>
          <SchemaData schemaUrl="#output_file.schema">
            <SimpleData name="prob">0</SimpleData>
          </SchemaData>
        </ExtendedData>
        <Point>
          <coordinates>
            25.875,30.84096,0
          </coordinates>
        </Point>
      </Placemark>
      <Placemark id="output_file.229">
        <TimeStamp>
          <when>2020-01-01T00:00:00</when>
        </TimeStamp>
        <ExtendedData>
          <SchemaData schemaUrl="#output_file.schema">
            <SimpleData name="prob">0.5</SimpleData>
          </SchemaData>
        </ExtendedData>
        <Point>
          <coordinates>
            27,30.84096,0
          </coordinates>
        </Point>
      </Placemark>
      <Placemark id="output_file.230">
        <TimeStamp>
          <when>2020-01-01T00:00:00</when>
        </TimeStamp>
        <ExtendedData>
          <SchemaData schemaUrl="#output_file.schema">
            <SimpleData name="prob">0</SimpleData>
          </SchemaData>
        </ExtendedData>
        <Point>
          <coordinates>
            28.125,30.84096,0
          </coordinates>
        </Point>
      </Placemark>
      <Placemark id="output_file.231">
        <TimeStamp>
          <when>2020-01-01T00:00:00</when>
        </TimeStamp>
        <ExtendedData>
          <SchemaData schemaUrl="#output_file.schema">
            <SimpleData name="prob">0</SimpleData>
          </SchemaData>
        </ExtendedData>
        <Point>
          <coordinates>
            29.25,30.84096,0
          </coordinates>
        </Point>
      </Placemark>
      <Placemark id="output_file.232">
        <TimeStamp>
          <when>2020-01-01T00:00:00</when>
        </TimeStamp>
        <ExtendedData>
          <SchemaData schemaUrl="#output_file.schema">
            <SimpleData name="prob">0</SimpleData>
          </SchemaData>
        </ExtendedData>
        <Point>
          <coordinates>
            30.375,30.84096,0
          </coordinates>
        </Point>
      </Placemark>
      <Placemark id="output_file.233">
        <TimeStamp>
          <when>2020-01-01T00:00:00</when>
        </TimeStamp>
        <ExtendedData>
          <SchemaData schemaUrl="#output_file.schema">
            <SimpleData name="prob">0</SimpleData>
          </SchemaData>
        </ExtendedData>
        <Point>
          <coordinates>
            31.5,30.84096,0
          </coordinates>
        </Point>
      </Placemark>
      <Placemark id="output_file.234">
        <TimeStamp>
          <when>2020-01-01T00:00:00</when>
        </TimeStamp>
        <ExtendedData>
          <SchemaData schemaUrl="#output_file.schema">
            <SimpleData name="prob">0</SimpleData>
          </SchemaData>
        </ExtendedData>
        <Point>
          <coordinates>
            32.625,30.84096,0
          </coordinates>
        </Point>
      </Placemark>
      <Placemark id="output_file.235">
        <TimeStamp>
          <when>2020-01-01T00:00:00</when>
        </TimeStamp>
        <ExtendedData>
          <SchemaData schemaUrl="#output_file.schema">
            <SimpleData name="prob">0</SimpleData>
          </SchemaData>
        </ExtendedData>
        <Point>
          <coordinates>
            33.75,30.84096,0
          </coordinates>
        </Point>
      </Placemark>
      <Placemark id="output_file.236">
        <TimeStamp>
          <when>2020-01-01T00:00:00</when>
        </TimeStamp>
        <ExtendedData>
          <SchemaData schemaUrl="#output_file.schema">
            <SimpleData name="prob">0</SimpleData>
          </SchemaData>
        </ExtendedData>
        <Point>
          <coordinates>
            34.875,30.84096,0
          </coordinates>
        </Point>
      </Placemark>
      <Placemark id="output_file.237">
        <TimeStamp>
          <when>2020-01-01T00:00:00</when>
        </TimeStamp>
        <ExtendedData>
          <SchemaData schemaUrl="#output_file.schema">
            <SimpleData name="prob">0</SimpleData>
          </SchemaData>
        </ExtendedData>
        <Point>
          <coordinates>
            36,30.84096,0
          </coordinates>
        </Point>
      </Placemark>
      <Placemark id="output_file.238">
        <TimeStamp>
          <when>2020-01-01T00:00:00</when>
        </TimeStamp>
        <ExtendedData>
          <SchemaData schemaUrl="#output_file.schema">
            <SimpleData name="prob">0</SimpleData>
          </SchemaData>
        </ExtendedData>
        <Point>
          <coordinates>
            37.125,30.84096,0
          </coordinates>
        </Point>
      </Placemark>
      <Placemark id="output_file.239">
        <TimeStamp>
          <when>2020-01-01T00:00:00</when>
        </TimeStamp>
        <ExtendedData>
          <SchemaData schemaUrl="#output_file.schema">
            <SimpleData name="prob">0</SimpleData>
          </SchemaData>
        </ExtendedData>
        <Point>
          <coordinates>
            38.25,30.84096,0
          </coordinates>
        </Point>
      </Placemark>
      <Placemark id="output_file.240">
        <TimeStamp>
          <when>2020-01-01T00:00:00</when>
        </TimeStamp>
        <ExtendedData>
          <SchemaData schemaUrl="#output_file.schema">
            <SimpleData name="prob">0</SimpleData>
          </SchemaData>
        </ExtendedData>
        <Point>
          <coordinates>
            39.375,30.84096,0
          </coordinates>
        </Point>
      </Placemark>
      <Placemark id="output_file.241">
        <TimeStamp>
          <when>2020-01-01T00:00:00</when>
        </TimeStamp>
        <ExtendedData>
          <SchemaData schemaUrl="#output_file.schema">
            <SimpleData name="prob">0</SimpleData>
          </SchemaData>
        </ExtendedData>
        <Point>
          <coordinates>
            13.5,31.96244,0
          </coordinates>
        </Point>
      </Placemark>
      <Placemark id="output_file.242">
        <TimeStamp>
          <when>2020-01-01T00:00:00</when>
        </TimeStamp>
        <ExtendedData>
          <SchemaData schemaUrl="#output_file.schema">
            <SimpleData name="prob">0</SimpleData>
          </SchemaData>
        </ExtendedData>
        <Point>
          <coordinates>
            14.625,31.96244,0
          </coordinates>
        </Point>
      </Placemark>
      <Placemark id="output_file.243">
        <TimeStamp>
          <when>2020-01-01T00:00:00</when>
        </TimeStamp>
        <ExtendedData>
          <SchemaData schemaUrl="#output_file.schema">
            <SimpleData name="prob">0</SimpleData>
          </SchemaData>
        </ExtendedData>
        <Point>
          <coordinates>
            15.75,31.96244,0
          </coordinates>
        </Point>
      </Placemark>
      <Placemark id="output_file.244">
        <TimeStamp>
          <when>2020-01-01T00:00:00</when>
        </TimeStamp>
        <ExtendedData>
          <SchemaData schemaUrl="#output_file.schema">
            <SimpleData name="prob">0</SimpleData>
          </SchemaData>
        </ExtendedData>
        <Point>
          <coordinates>
            16.875,31.96244,0
          </coordinates>
        </Point>
      </Placemark>
      <Placemark id="output_file.245">
        <TimeStamp>
          <when>2020-01-01T00:00:00</when>
        </TimeStamp>
        <ExtendedData>
          <SchemaData schemaUrl="#output_file.schema">
            <SimpleData name="prob">0</SimpleData>
          </SchemaData>
        </ExtendedData>
        <Point>
          <coordinates>
            18,31.96244,0
          </coordinates>
        </Point>
      </Placemark>
      <Placemark id="output_file.246">
        <TimeStamp>
          <when>2020-01-01T00:00:00</when>
        </TimeStamp>
        <ExtendedData>
          <SchemaData schemaUrl="#output_file.schema">
            <SimpleData name="prob">0</SimpleData>
          </SchemaData>
        </ExtendedData>
        <Point>
          <coordinates>
            19.125,31.96244,0
          </coordinates>
        </Point>
      </Placemark>
      <Placemark id="output_file.247">
        <TimeStamp>
          <when>2020-01-01T00:00:00</when>
        </TimeStamp>
        <ExtendedData>
          <SchemaData schemaUrl="#output_file.schema">
            <SimpleData name="prob">0</SimpleData>
          </SchemaData>
        </ExtendedData>
        <Point>
          <coordinates>
            20.25,31.96244,0
          </coordinates>
        </Point>
      </Placemark>
      <Placemark id="output_file.248">
        <TimeStamp>
          <when>2020-01-01T00:00:00</when>
        </TimeStamp>
        <ExtendedData>
          <SchemaData schemaUrl="#output_file.schema">
            <SimpleData name="prob">0</SimpleData>
          </SchemaData>
        </ExtendedData>
        <Point>
          <coordinates>
            21.375,31.96244,0
          </coordinates>
        </Point>
      </Placemark>
      <Placemark id="output_file.249">
        <TimeStamp>
          <when>2020-01-01T00:00:00</when>
        </TimeStamp>
        <ExtendedData>
          <SchemaData schemaUrl="#output_file.schema">
            <SimpleData name="prob">0</SimpleData>
          </SchemaData>
        </ExtendedData>
        <Point>
          <coordinates>
            22.5,31.96244,0
          </coordinates>
        </Point>
      </Placemark>
      <Placemark id="output_file.250">
        <TimeStamp>
          <when>2020-01-01T00:00:00</when>
        </TimeStamp>
        <ExtendedData>
          <SchemaData schemaUrl="#output_file.schema">
            <SimpleData name="prob">0</SimpleData>
          </SchemaData>
        </ExtendedData>
        <Point>
          <coordinates>
            23.625,31.96244,0
          </coordinates>
        </Point>
      </Placemark>
      <Placemark id="output_file.251">
        <TimeStamp>
          <when>2020-01-01T00:00:00</when>
        </TimeStamp>
        <ExtendedData>
          <SchemaData schemaUrl="#output_file.schema">
            <SimpleData name="prob">0</SimpleData>
          </SchemaData>
        </ExtendedData>
        <Point>
          <coordinates>
            24.75,31.96244,0
          </coordinates>
        </Point>
      </Placemark>
      <Placemark id="output_file.252">
        <TimeStamp>
          <when>2020-01-01T00:00:00</when>
        </TimeStamp>
        <ExtendedData>
          <SchemaData schemaUrl="#output_file.schema">
            <SimpleData name="prob">0</SimpleData>
          </SchemaData>
        </ExtendedData>
        <Point>
          <coordinates>
            25.875,31.96244,0
          </coordinates>
        </Point>
      </Placemark>
      <Placemark id="output_file.253">
        <TimeStamp>
          <when>2020-01-01T00:00:00</when>
        </TimeStamp>
        <ExtendedData>
          <SchemaData schemaUrl="#output_file.schema">
            <SimpleData name="prob">0</SimpleData>
          </SchemaData>
        </ExtendedData>
        <Point>
          <coordinates>
            27,31.96244,0
          </coordinates>
        </Point>
      </Placemark>
      <Placemark id="output_file.254">
        <TimeStamp>
          <when>2020-01-01T00:00:00</when>
        </TimeStamp>
        <ExtendedData>
          <SchemaData schemaUrl="#output_file.schema">
            <SimpleData name="prob">0</SimpleData>
          </SchemaData>
        </ExtendedData>
        <Point>
          <coordinates>
            28.125,31.96244,0
          </coordinates>
        </Point>
      </Placemark>
      <Placemark id="output_file.255">
        <TimeStamp>
          <when>2020-01-01T00:00:00</when>
        </TimeStamp>
        <ExtendedData>
          <SchemaData schemaUrl="#output_file.schema">
            <SimpleData name="prob">0</SimpleData>
          </SchemaData>
        </ExtendedData>
        <Point>
          <coordinates>
            29.25,31.96244,0
          </coordinates>
        </Point>
      </Placemark>
      <Placemark id="output_file.256">
        <TimeStamp>
          <when>2020-01-01T00:00:00</when>
        </TimeStamp>
        <ExtendedData>
          <SchemaData schemaUrl="#output_file.schema">
            <SimpleData name="prob">0</SimpleData>
          </SchemaData>
        </ExtendedData>
        <Point>
          <coordinates>
            30.375,31.96244,0
          </coordinates>
        </Point>
      </Placemark>
      <Placemark id="output_file.257">
        <TimeStamp>
          <when>2020-01-01T00:00:00</when>
        </TimeStamp>
        <ExtendedData>
          <SchemaData schemaUrl="#output_file.schema">
            <SimpleData name="prob">0</SimpleData>
          </SchemaData>
        </ExtendedData>
        <Point>
          <coordinates>
            31.5,31.96244,0
          </coordinates>
        </Point>
      </Placemark>
      <Placemark id="output_file.258">
        <TimeStamp>
          <when>2020-01-01T00:00:00</when>
        </TimeStamp>
        <ExtendedData>
          <SchemaData schemaUrl="#output_file.schema">
            <SimpleData name="prob">0</SimpleData>
          </SchemaData>
        </ExtendedData>
        <Point>
          <coordinates>
            32.625,31.96244,0
          </coordinates>
        </Point>
      </Placemark>
      <Placemark id="output_file.259">
        <TimeStamp>
          <when>2020-01-01T00:00:00</when>
        </TimeStamp>
        <ExtendedData>
          <SchemaData schemaUrl="#output_file.schema">
            <SimpleData name="prob">0</SimpleData>
          </SchemaData>
        </ExtendedData>
        <Point>
          <coordinates>
            33.75,31.96244,0
          </coordinates>
        </Point>
      </Placemark>
      <Placemark id="output_file.260">
        <TimeStamp>
          <when>2020-01-01T00:00:00</when>
        </TimeStamp>
        <ExtendedData>
          <SchemaData schemaUrl="#output_file.schema">
            <SimpleData name="prob">0</SimpleData>
          </SchemaData>
        </ExtendedData>
        <Point>
          <coordinates>
            34.875,31.96244,0
          </coordinates>
        </Point>
      </Placemark>
      <Placemark id="output_file.261">
        <TimeStamp>
          <when>2020-01-01T00:00:00</when>
        </TimeStamp>
        <ExtendedData>
          <SchemaData schemaUrl="#output_file.schema">
            <SimpleData name="prob">0</SimpleData>
          </SchemaData>
        </ExtendedData>
        <Point>
          <coordinates>
            36,31.96244,0
          </coordinates>
        </Point>
      </Placemark>
      <Placemark id="output_file.262">
        <TimeStamp>
          <when>2020-01-01T00:00:00</when>
        </TimeStamp>
        <ExtendedData>
          <SchemaData schemaUrl="#output_file.schema">
            <SimpleData name="prob">0</SimpleData>
          </SchemaData>
        </ExtendedData>
        <Point>
          <coordinates>
            37.125,31.96244,0
          </coordinates>
        </Point>
      </Placemark>
      <Placemark id="output_file.263">
        <TimeStamp>
          <when>2020-01-01T00:00:00</when>
        </TimeStamp>
        <ExtendedData>
          <SchemaData schemaUrl="#output_file.schema">
            <SimpleData name="prob">0</SimpleData>
          </SchemaData>
        </ExtendedData>
        <Point>
          <coordinates>
            38.25,31.96244,0
          </coordinates>
        </Point>
      </Placemark>
      <Placemark id="output_file.264">
        <TimeStamp>
          <when>2020-01-01T00:00:00</when>
        </TimeStamp>
        <ExtendedData>
          <SchemaData schemaUrl="#output_file.schema">
            <SimpleData name="prob">0</SimpleData>
          </SchemaData>
        </ExtendedData>
        <Point>
          <coordinates>
            39.375,31.96244,0
          </coordinates>
        </Point>
      </Placemark>
      <Placemark id="output_file.265">
        <TimeStamp>
          <when>2020-01-01T00:00:00</when>
        </TimeStamp>
        <ExtendedData>
          <SchemaData schemaUrl="#output_file.schema">
            <SimpleData name="prob">0</SimpleData>
          </SchemaData>
        </ExtendedData>
        <Point>
          <coordinates>
            13.5,33.08393,0
          </coordinates>
        </Point>
      </Placemark>
      <Placemark id="output_file.266">
        <TimeStamp>
          <when>2020-01-01T00:00:00</when>
        </TimeStamp>
        <ExtendedData>
          <SchemaData schemaUrl="#output_file.schema">
            <SimpleData name="prob">0</SimpleData>
          </SchemaData>
        </ExtendedData>
        <Point>
          <coordinates>
            14.625,33.08393,0
          </coordinates>
        </Point>
      </Placemark>
      <Placemark id="output_file.267">
        <TimeStamp>
          <when>2020-01-01T00:00:00</when>
        </TimeStamp>
        <ExtendedData>
          <SchemaData schemaUrl="#output_file.schema">
            <SimpleData name="prob">0</SimpleData>
          </SchemaData>
        </ExtendedData>
        <Point>
          <coordinates>
            15.75,33.08393,0
          </coordinates>
        </Point>
      </Placemark>
      <Placemark id="output_file.268">
        <TimeStamp>
          <when>2020-01-01T00:00:00</when>
        </TimeStamp>
        <ExtendedData>
          <SchemaData schemaUrl="#output_file.schema">
            <SimpleData name="prob">0</SimpleData>
          </SchemaData>
        </ExtendedData>
        <Point>
          <coordinates>
            16.875,33.08393,0
          </coordinates>
        </Point>
      </Placemark>
      <Placemark id="output_file.269">
        <TimeStamp>
          <when>2020-01-01T00:00:00</when>
        </TimeStamp>
        <ExtendedData>
          <SchemaData schemaUrl="#output_file.schema">
            <SimpleData name="prob">0</SimpleData>
          </SchemaData>
        </ExtendedData>
        <Point>
          <coordinates>
            18,33.08393,0
          </coordinates>
        </Point>
      </Placemark>
      <Placemark id="output_file.270">
        <TimeStamp>
          <when>2020-01-01T00:00:00</when>
        </TimeStamp>
        <ExtendedData>
          <SchemaData schemaUrl="#output_file.schema">
            <SimpleData name="prob">0</SimpleData>
          </SchemaData>
        </ExtendedData>
        <Point>
          <coordinates>
            19.125,33.08393,0
          </coordinates>
        </Point>
      </Placemark>
      <Placemark id="output_file.271">
        <TimeStamp>
          <when>2020-01-01T00:00:00</when>
        </TimeStamp>
        <ExtendedData>
          <SchemaData schemaUrl="#output_file.schema">
            <SimpleData name="prob">0</SimpleData>
          </SchemaData>
        </ExtendedData>
        <Point>
          <coordinates>
            20.25,33.08393,0
          </coordinates>
        </Point>
      </Placemark>
      <Placemark id="output_file.272">
        <TimeStamp>
          <when>2020-01-01T00:00:00</when>
        </TimeStamp>
        <ExtendedData>
          <SchemaData schemaUrl="#output_file.schema">
            <SimpleData name="prob">0</SimpleData>
          </SchemaData>
        </ExtendedData>
        <Point>
          <coordinates>
            21.375,33.08393,0
          </coordinates>
        </Point>
      </Placemark>
      <Placemark id="output_file.273">
        <TimeStamp>
          <when>2020-01-01T00:00:00</when>
        </TimeStamp>
        <ExtendedData>
          <SchemaData schemaUrl="#output_file.schema">
            <SimpleData name="prob">0</SimpleData>
          </SchemaData>
        </ExtendedData>
        <Point>
          <coordinates>
            22.5,33.08393,0
          </coordinates>
        </Point>
      </Placemark>
      <Placemark id="output_file.274">
        <TimeStamp>
          <when>2020-01-01T00:00:00</when>
        </TimeStamp>
        <ExtendedData>
          <SchemaData schemaUrl="#output_file.schema">
            <SimpleData name="prob">0</SimpleData>
          </SchemaData>
        </ExtendedData>
        <Point>
          <coordinates>
            23.625,33.08393,0
          </coordinates>
        </Point>
      </Placemark>
      <Placemark id="output_file.275">
        <TimeStamp>
          <when>2020-01-01T00:00:00</when>
        </TimeStamp>
        <ExtendedData>
          <SchemaData schemaUrl="#output_file.schema">
            <SimpleData name="prob">0</SimpleData>
          </SchemaData>
        </ExtendedData>
        <Point>
          <coordinates>
            24.75,33.08393,0
          </coordinates>
        </Point>
      </Placemark>
      <Placemark id="output_file.276">
        <TimeStamp>
          <when>2020-01-01T00:00:00</when>
        </TimeStamp>
        <ExtendedData>
          <SchemaData schemaUrl="#output_file.schema">
            <SimpleData name="prob">0</SimpleData>
          </SchemaData>
        </ExtendedData>
        <Point>
          <coordinates>
            25.875,33.08393,0
          </coordinates>
        </Point>
      </Placemark>
      <Placemark id="output_file.277">
        <TimeStamp>
          <when>2020-01-01T00:00:00</when>
        </TimeStamp>
        <ExtendedData>
          <SchemaData schemaUrl="#output_file.schema">
            <SimpleData name="prob">0</SimpleData>
          </SchemaData>
        </ExtendedData>
        <Point>
          <coordinates>
            27,33.08393,0
          </coordinates>
        </Point>
      </Placemark>
      <Placemark id="output_file.278">
        <TimeStamp>
          <when>2020-01-01T00:00:00</when>
        </TimeStamp>
        <ExtendedData>
          <SchemaData schemaUrl="#output_file.schema">
            <SimpleData name="prob">0</SimpleData>
          </SchemaData>
        </ExtendedData>
        <Point>
          <coordinates>
            28.125,33.08393,0
          </coordinates>
        </Point>
      </Placemark>
      <Placemark id="output_file.279">
        <TimeStamp>
          <when>2020-01-01T00:00:00</when>
        </TimeStamp>
        <ExtendedData>
          <SchemaData schemaUrl="#output_file.schema">
            <SimpleData name="prob">0</SimpleData>
          </SchemaData>
        </ExtendedData>
        <Point>
          <coordinates>
            29.25,33.08393,0
          </coordinates>
        </Point>
      </Placemark>
      <Placemark id="output_file.280">
        <TimeStamp>
          <when>2020-01-01T00:00:00</when>
        </TimeStamp>
        <ExtendedData>
          <SchemaData schemaUrl="#output_file.schema">
            <SimpleData name="prob">0</SimpleData>
          </SchemaData>
        </ExtendedData>
        <Point>
          <coordinates>
            30.375,33.08393,0
          </coordinates>
        </Point>
      </Placemark>
      <Placemark id="output_file.281">
        <TimeStamp>
          <when>2020-01-01T00:00:00</when>
        </TimeStamp>
        <ExtendedData>
          <SchemaData schemaUrl="#output_file.schema">
            <SimpleData name="prob">0</SimpleData>
          </SchemaData>
        </ExtendedData>
        <Point>
          <coordinates>
            31.5,33.08393,0
          </coordinates>
        </Point>
      </Placemark>
      <Placemark id="output_file.282">
        <TimeStamp>
          <when>2020-01-01T00:00:00</when>
        </TimeStamp>
        <ExtendedData>
          <SchemaData schemaUrl="#output_file.schema">
            <SimpleData name="prob">0</SimpleData>
          </SchemaData>
        </ExtendedData>
        <Point>
          <coordinates>
            32.625,33.08393,0
          </coordinates>
        </Point>
      </Placemark>
      <Placemark id="output_file.283">
        <TimeStamp>
          <when>2020-01-01T00:00:00</when>
        </TimeStamp>
        <ExtendedData>
          <SchemaData schemaUrl="#output_file.schema">
            <SimpleData name="prob">0</SimpleData>
          </SchemaData>
        </ExtendedData>
        <Point>
          <coordinates>
            33.75,33.08393,0
          </coordinates>
        </Point>
      </Placemark>
      <Placemark id="output_file.284">
        <TimeStamp>
          <when>2020-01-01T00:00:00</when>
        </TimeStamp>
        <ExtendedData>
          <SchemaData schemaUrl="#output_file.schema">
            <SimpleData name="prob">0</SimpleData>
          </SchemaData>
        </ExtendedData>
        <Point>
          <coordinates>
            34.875,33.08393,0
          </coordinates>
        </Point>
      </Placemark>
      <Placemark id="output_file.285">
        <TimeStamp>
          <when>2020-01-01T00:00:00</when>
        </TimeStamp>
        <ExtendedData>
          <SchemaData schemaUrl="#output_file.schema">
            <SimpleData name="prob">0</SimpleData>
          </SchemaData>
        </ExtendedData>
        <Point>
          <coordinates>
            36,33.08393,0
          </coordinates>
        </Point>
      </Placemark>
      <Placemark id="output_file.286">
        <TimeStamp>
          <when>2020-01-01T00:00:00</when>
        </TimeStamp>
        <ExtendedData>
          <SchemaData schemaUrl="#output_file.schema">
            <SimpleData name="prob">0</SimpleData>
          </SchemaData>
        </ExtendedData>
        <Point>
          <coordinates>
            37.125,33.08393,0
          </coordinates>
        </Point>
      </Placemark>
      <Placemark id="output_file.287">
        <TimeStamp>
          <when>2020-01-01T00:00:00</when>
        </TimeStamp>
        <ExtendedData>
          <SchemaData schemaUrl="#output_file.schema">
            <SimpleData name="prob">0</SimpleData>
          </SchemaData>
        </ExtendedData>
        <Point>
          <coordinates>
            38.25,33.08393,0
          </coordinates>
        </Point>
      </Placemark>
      <Placemark id="output_file.288">
        <TimeStamp>
          <when>2020-01-01T00:00:00</when>
        </TimeStamp>
        <ExtendedData>
          <SchemaData schemaUrl="#output_file.schema">
            <SimpleData name="prob">0</SimpleData>
          </SchemaData>
        </ExtendedData>
        <Point>
          <coordinates>
            39.375,33.08393,0
          </coordinates>
        </Point>
      </Placemark>
    </Document>
  </Document>
</kml>
